INSERT INTO Flutters.USERS (id_client, first_name, last_name, password, email, email_verification, avatar, user_type, status, last_login, last_login_active) VALUES (1, 'Frédéric', 'Huang', 'a5e88b62d4257b00197d08491cab6ca773a4c2c31851ab8656ee32491bc20a6347e8153adf14faef00d7650a60c0697481385e21eb308d0421e9da20ad92db31', 'huangfrederic2002@gmail.com', 1, 'https://flutters.ovh/pages/profile/components/base.png', 'Admin', 'none', '2023-05-07', 1);
INSERT INTO Flutters.USERS (id_client, first_name, last_name, password, email, email_verification, avatar, user_type, status, last_login, last_login_active) VALUES (4, 'Chrom', 'Rylse', 'a5e88b62d4257b00197d08491cab6ca773a4c2c31851ab8656ee32491bc20a6347e8153adf14faef00d7650a60c0697481385e21eb308d0421e9da20ad92db31', 'comment@1.com', 1, 'https://flutters.ovh/pages/profile/components/base.png', 'Normal', 'none', '2023-05-07', 1);
INSERT INTO Flutters.USERS (id_client, first_name, last_name, password, email, email_verification, avatar, user_type, status, last_login, last_login_active) VALUES (5, 'Leona', 'Hammerton', 'a5e88b62d4257b00197d08491cab6ca773a4c2c31851ab8656ee32491bc20a6347e8153adf14faef00d7650a60c0697481385e21eb308d0421e9da20ad92db31', 'comment@2.com', 1, 'https://flutters.ovh/pages/profile/components/base.png', 'Normal', 'none', '2023-05-07', 1);
INSERT INTO Flutters.USERS (id_client, first_name, last_name, password, email, email_verification, avatar, user_type, status, last_login, last_login_active) VALUES (6, 'Alexander', 'Clairmont', 'a5e88b62d4257b00197d08491cab6ca773a4c2c31851ab8656ee32491bc20a6347e8153adf14faef00d7650a60c0697481385e21eb308d0421e9da20ad92db31', 'comment@3.com', 1, 'https://flutters.ovh/pages/profile/components/base.png', 'Normal', 'none', '2023-05-07', 1);
INSERT INTO Flutters.USERS (id_client, first_name, last_name, password, email, email_verification, avatar, user_type, status, last_login, last_login_active) VALUES (10, 'Cynthia', 'Price', 'a5e88b62d4257b00197d08491cab6ca773a4c2c31851ab8656ee32491bc20a6347e8153adf14faef00d7650a60c0697481385e21eb308d0421e9da20ad92db31', 'comment@4.com', 1, 'https://flutters.ovh/pages/profile/components/base.png', 'Normal', 'none', null, 1);
INSERT INTO Flutters.USERS (id_client, first_name, last_name, password, email, email_verification, avatar, user_type, status, last_login, last_login_active) VALUES (11, 'Julie', 'Liu', 'a5e88b62d4257b00197d08491cab6ca773a4c2c31851ab8656ee32491bc20a6347e8153adf14faef00d7650a60c0697481385e21eb308d0421e9da20ad92db31', 'comment@5.com', 1, 'https://flutters.ovh/pages/profile/components/base.png', 'Normal', 'none', null, 1);
INSERT INTO Flutters.USERS (id_client, first_name, last_name, password, email, email_verification, avatar, user_type, status, last_login, last_login_active) VALUES (14, 'Franck', 'Zhuang', 'a5e88b62d4257b00197d08491cab6ca773a4c2c31851ab8656ee32491bc20a6347e8153adf14faef00d7650a60c0697481385e21eb308d0421e9da20ad92db31', 'arkayz@hotmail.com', 1, 'https://flutters.ovh/pages/profile/components/base.png', 'Normal', 'none', '2023-05-07', 1);
INSERT INTO Flutters.USERS (id_client, first_name, last_name, password, email, email_verification, avatar, user_type, status, last_login, last_login_active) VALUES (15, 'Jonathan', 'todorov', 'ba3bd11317de5fb35b62c3400e026c79e76c193f8e317928a4bd6799056d63dfdb347781039c1a4daa8585249dd211af48e29d00b6560d72fd56e55f2a6f5174', 'todorovj@icloud.com', 1, 'https://flutters.ovh/pages/profile/components/base.png', 'Normal', 'none', '2023-05-07', 1);
INSERT INTO Flutters.USERS (id_client, first_name, last_name, password, email, email_verification, avatar, user_type, status, last_login, last_login_active) VALUES (16, 'Franck', 'Zhuang', 'a5e88b62d4257b00197d08491cab6ca773a4c2c31851ab8656ee32491bc20a6347e8153adf14faef00d7650a60c0697481385e21eb308d0421e9da20ad92db31', 'franck.zhuang@hotmail.fr', 1, 'https://flutters.ovh/pages/profile/components/base.png', 'Admin', 'none', '2023-05-07', 1);

INSERT INTO Flutters.EVENT (id_event, name, description, date_event, capacity, price, start_time, image) VALUES (2, 'Marathon Pokémon', 'Marathon Pokémon où l\'on repasse tous les films de Pokémon sur grand écran !
Venez à notre cinéma pour assister à ce grand événement.', '2023-05-20', 50, 11.9900, '09:40:00', 'events-img/event-poster-1683412958.jpg');
INSERT INTO Flutters.EVENT (id_event, name, description, date_event, capacity, price, start_time, image) VALUES (3, 'Retour en 1998', 'On repasse en exclusivité des vieux films des années 1990 ! Venez à notre cinéma pour assister à ce grand événement.', '2023-06-06', 45, 5.9900, '17:30:00', 'events-img/event-poster-1683413063.jpg');
INSERT INTO Flutters.EVENT (id_event, name, description, date_event, capacity, price, start_time, image) VALUES (4, 'Les Star Wars !', 'Marathon Star Wars où l\'on repasse tous les films de Star Wars sur grand écran, et dans notre salle VIP !
Venez à notre cinéma pour assister à ce grand événement.', '2023-05-15', 15, 19.9900, '04:50:00', 'events-img/event-poster-1683413378.jpg');
INSERT INTO Flutters.EVENT (id_event, name, description, date_event, capacity, price, start_time, image) VALUES (5, 'Votre film, et uniquement le vôtre !', 'Pour la première fois, revisionner votre film à vous sur grand écran !', '2023-05-22', 1, 20000.0000, '06:00:00', 'events-img/event-poster-1683413553.jpg');
INSERT INTO Flutters.EVENT (id_event, name, description, date_event, capacity, price, start_time, image) VALUES (6, 'Une soirée horreur, ça vous tente ?', 'Une soirée horreur avec une série de films qu\'on a spécialement choisi pour vous :)
Venez à notre cinéma pour assister à ce grand événement.', '2023-04-04', 20, 14.9900, '23:20:00', 'events-img/event-poster-1683414309.jpeg');
INSERT INTO Flutters.EVENT (id_event, name, description, date_event, capacity, price, start_time, image) VALUES (7, 'Ciné-Concert : Parasite in Love', 'Notre ciné-conceert sur le film japonais Parasite in Love ! 
Venez à notre cinéma pour assister à ce grand événement.', '2023-03-09', 60, 24.0000, '17:00:00', 'events-img/event-poster-1683414436.jpg');

INSERT INTO Flutters.DIRECTOR (id_director, last_name, first_name) VALUES (2, 'Favreau', 'Jon');
INSERT INTO Flutters.DIRECTOR (id_director, last_name, first_name) VALUES (3, 'Leterrier', 'Louis');
INSERT INTO Flutters.DIRECTOR (id_director, last_name, first_name) VALUES (4, 'Branagh', 'Kenneth');
INSERT INTO Flutters.DIRECTOR (id_director, last_name, first_name) VALUES (5, 'Johnston', 'Joe');
INSERT INTO Flutters.DIRECTOR (id_director, last_name, first_name) VALUES (6, 'Whedon', 'Joss');
INSERT INTO Flutters.DIRECTOR (id_director, last_name, first_name) VALUES (7, 'Black', 'Shane');
INSERT INTO Flutters.DIRECTOR (id_director, last_name, first_name) VALUES (8, 'Taylor', 'Alan');
INSERT INTO Flutters.DIRECTOR (id_director, last_name, first_name) VALUES (9, 'Russo', 'Anthony');
INSERT INTO Flutters.DIRECTOR (id_director, last_name, first_name) VALUES (10, 'Russo', 'Joe');
INSERT INTO Flutters.DIRECTOR (id_director, last_name, first_name) VALUES (11, 'Gunn', 'James');
INSERT INTO Flutters.DIRECTOR (id_director, last_name, first_name) VALUES (12, 'Reed', 'Peyton');
INSERT INTO Flutters.DIRECTOR (id_director, last_name, first_name) VALUES (13, 'Derrickson', 'Scott');
INSERT INTO Flutters.DIRECTOR (id_director, last_name, first_name) VALUES (14, 'Watts', 'Jon');
INSERT INTO Flutters.DIRECTOR (id_director, last_name, first_name) VALUES (15, 'Waititi', 'Taika');
INSERT INTO Flutters.DIRECTOR (id_director, last_name, first_name) VALUES (16, 'Coogler', 'Ryan');
INSERT INTO Flutters.DIRECTOR (id_director, last_name, first_name) VALUES (17, 'Boden', 'Anna');
INSERT INTO Flutters.DIRECTOR (id_director, last_name, first_name) VALUES (18, 'Fleck', 'Ryan');
INSERT INTO Flutters.DIRECTOR (id_director, last_name, first_name) VALUES (19, 'Shrotland', 'Cate');
INSERT INTO Flutters.DIRECTOR (id_director, last_name, first_name) VALUES (20, 'Cretton', 'Destin-Daniel');
INSERT INTO Flutters.DIRECTOR (id_director, last_name, first_name) VALUES (21, 'Zhao', 'Chloé');
INSERT INTO Flutters.DIRECTOR (id_director, last_name, first_name) VALUES (22, 'Raimi', 'Sam');
INSERT INTO Flutters.DIRECTOR (id_director, last_name, first_name) VALUES (23, 'Sananes', 'Directeur');

INSERT INTO Flutters.ACTOR (id_actor, first_name, last_name) VALUES (1, 'Kirigaya', 'Kazuto');
INSERT INTO Flutters.ACTOR (id_actor, first_name, last_name) VALUES (2, 'Robert', 'Downey-Jr');
INSERT INTO Flutters.ACTOR (id_actor, first_name, last_name) VALUES (3, 'Gwyneth', 'Paltrow');
INSERT INTO Flutters.ACTOR (id_actor, first_name, last_name) VALUES (4, 'Terrence', 'Howard');
INSERT INTO Flutters.ACTOR (id_actor, first_name, last_name) VALUES (5, 'Edward', 'Norton');
INSERT INTO Flutters.ACTOR (id_actor, first_name, last_name) VALUES (6, 'Liv', 'Tyler');
INSERT INTO Flutters.ACTOR (id_actor, first_name, last_name) VALUES (7, 'Tim', 'Roth');
INSERT INTO Flutters.ACTOR (id_actor, first_name, last_name) VALUES (8, 'William', 'Hurt');
INSERT INTO Flutters.ACTOR (id_actor, first_name, last_name) VALUES (9, 'Don', 'Cheadle');
INSERT INTO Flutters.ACTOR (id_actor, first_name, last_name) VALUES (10, 'Scarlett', 'Johansson');
INSERT INTO Flutters.ACTOR (id_actor, first_name, last_name) VALUES (11, 'Franck', 'Zhuang');
INSERT INTO Flutters.ACTOR (id_actor, first_name, last_name) VALUES (12, 'Frédéric', 'Huang');
INSERT INTO Flutters.ACTOR (id_actor, first_name, last_name) VALUES (13, 'Jonathan', 'Todorov');
INSERT INTO Flutters.ACTOR (id_actor, first_name, last_name) VALUES (14, 'LaVache', 'Kiri');
INSERT INTO Flutters.ACTOR (id_actor, first_name, last_name) VALUES (15, 'Baby', 'Belle');
INSERT INTO Flutters.ACTOR (id_actor, first_name, last_name) VALUES (16, 'Kha', 'Effssey');
INSERT INTO Flutters.ACTOR (id_actor, first_name, last_name) VALUES (17, 'Marc', 'Deaunalde');
INSERT INTO Flutters.ACTOR (id_actor, first_name, last_name) VALUES (18, 'Barbier', 'King');

INSERT INTO Flutters.ROOM (id_room, room_name, capacity_seat) VALUES (1, 'Artemis', 120);
INSERT INTO Flutters.ROOM (id_room, room_name, capacity_seat) VALUES (2, 'King', 350);
INSERT INTO Flutters.ROOM (id_room, room_name, capacity_seat) VALUES (3, 'Amatsu', 230);
INSERT INTO Flutters.ROOM (id_room, room_name, capacity_seat) VALUES (4, 'Rathalos', 510);
INSERT INTO Flutters.ROOM (id_room, room_name, capacity_seat) VALUES (5, 'Kirin', 120);
INSERT INTO Flutters.ROOM (id_room, room_name, capacity_seat) VALUES (6, 'Zeus', 90);
INSERT INTO Flutters.ROOM (id_room, room_name, capacity_seat) VALUES (7, 'Thor', 220);
INSERT INTO Flutters.ROOM (id_room, room_name, capacity_seat) VALUES (8, 'Gipsy', 190);
INSERT INTO Flutters.ROOM (id_room, room_name, capacity_seat) VALUES (9, 'Striker', 420);
INSERT INTO Flutters.ROOM (id_room, room_name, capacity_seat) VALUES (10, 'Mako', 65);
INSERT INTO Flutters.ROOM (id_room, room_name, capacity_seat) VALUES (11, 'Selena', 140);
INSERT INTO Flutters.ROOM (id_room, room_name, capacity_seat) VALUES (12, 'Ura', 110);
INSERT INTO Flutters.ROOM (id_room, room_name, capacity_seat) VALUES (13, 'Arkayz', 530);
INSERT INTO Flutters.ROOM (id_room, room_name, capacity_seat) VALUES (14, 'Hisshiden', 100);
INSERT INTO Flutters.ROOM (id_room, room_name, capacity_seat) VALUES (15, 'Deadpool', 70);

INSERT INTO Flutters.COMPONENT (id_component, src, type, name) VALUES (1, 'https://flutters.ovh/pages/profile/components/eyes/eyes.png', 'eyes', 'Gros Yeux');
INSERT INTO Flutters.COMPONENT (id_component, src, type, name) VALUES (2, 'https://flutters.ovh/pages/profile/components/eyes/mask.png', 'eyes', 'Masque Carnaval');
INSERT INTO Flutters.COMPONENT (id_component, src, type, name) VALUES (3, 'https://flutters.ovh/pages/profile/components/eyes/pirate.png', 'eyes', 'Cache-Oeil');
INSERT INTO Flutters.COMPONENT (id_component, src, type, name) VALUES (4, 'https://flutters.ovh/pages/profile/components/head/casquette.png', 'head', 'Casquette ESGI');
INSERT INTO Flutters.COMPONENT (id_component, src, type, name) VALUES (5, 'https://flutters.ovh/pages/profile/components/head/cuistot.png', 'head', 'Toque de Chef');
INSERT INTO Flutters.COMPONENT (id_component, src, type, name) VALUES (6, 'https://flutters.ovh/pages/profile/components/head/mexico.png', 'head', 'Sombrero');
INSERT INTO Flutters.COMPONENT (id_component, src, type, name) VALUES (7, 'https://flutters.ovh/pages/profile/components/mouth/kiss.png', 'mouth', 'Sexy');
INSERT INTO Flutters.COMPONENT (id_component, src, type, name) VALUES (8, 'https://flutters.ovh/pages/profile/components/mouth/poker-face.png', 'mouth', 'Neutre');
INSERT INTO Flutters.COMPONENT (id_component, src, type, name) VALUES (9, 'https://flutters.ovh/pages/profile/components/mouth/sad.png', 'mouth', 'Triste');
INSERT INTO Flutters.COMPONENT (id_component, src, type, name) VALUES (10, 'https://flutters.ovh/pages/profile/components/mouth/smile.png', 'mouth', 'Content');
INSERT INTO Flutters.COMPONENT (id_component, src, type, name) VALUES (11, 'https://flutters.ovh/pages/profile/components/outfit/blue.png', 'outfit', 'Bleu Clair');
INSERT INTO Flutters.COMPONENT (id_component, src, type, name) VALUES (12, 'https://flutters.ovh/pages/profile/components/outfit/dark_grey.png', 'outfit', 'Gris & Noir');
INSERT INTO Flutters.COMPONENT (id_component, src, type, name) VALUES (13, 'https://flutters.ovh/pages/profile/components/outfit/pink.png', 'outfit', 'Rose');
INSERT INTO Flutters.COMPONENT (id_component, src, type, name) VALUES (14, 'https://flutters.ovh/pages/profile/components/outfit/purple.png', 'outfit', 'Violet');
INSERT INTO Flutters.COMPONENT (id_component, src, type, name) VALUES (15, 'https://flutters.ovh/pages/profile/components/outfit/sky_blue.png', 'outfit', 'Bleu Ciel');
INSERT INTO Flutters.COMPONENT (id_component, src, type, name) VALUES (16, 'https://flutters.ovh/pages/profile/components/outfit/white_grey.png', 'outfit', 'Gris & Blanc');

INSERT INTO Flutters.TYPE (id_type, name) VALUES (2, 'Animation');
INSERT INTO Flutters.TYPE (id_type, name) VALUES (3, 'Action');
INSERT INTO Flutters.TYPE (id_type, name) VALUES (4, 'Aventure');
INSERT INTO Flutters.TYPE (id_type, name) VALUES (5, 'Science-fiction');
INSERT INTO Flutters.TYPE (id_type, name) VALUES (6, 'Fantastique');
INSERT INTO Flutters.TYPE (id_type, name) VALUES (7, 'Fantaisie');
INSERT INTO Flutters.TYPE (id_type, name) VALUES (8, 'Comédie');
INSERT INTO Flutters.TYPE (id_type, name) VALUES (9, 'Arts-martiaux');

INSERT INTO Flutters.LANGUAGE (id_language, name) VALUES (1, 'Français');
INSERT INTO Flutters.LANGUAGE (id_language, name) VALUES (2, 'Anglais');
INSERT INTO Flutters.LANGUAGE (id_language, name) VALUES (3, 'Chinois');
INSERT INTO Flutters.LANGUAGE (id_language, name) VALUES (4, 'Japonais');
INSERT INTO Flutters.LANGUAGE (id_language, name) VALUES (5, 'Allemand');
INSERT INTO Flutters.LANGUAGE (id_language, name) VALUES (6, 'Russe');
INSERT INTO Flutters.LANGUAGE (id_language, name) VALUES (7, 'Espagnol');
INSERT INTO Flutters.LANGUAGE (id_language, name) VALUES (9, 'Brésilien');
INSERT INTO Flutters.LANGUAGE (id_language, name) VALUES (10, 'Indien');
INSERT INTO Flutters.LANGUAGE (id_language, name) VALUES (11, 'Arabe');
INSERT INTO Flutters.LANGUAGE (id_language, name) VALUES (12, 'Portugais');
INSERT INTO Flutters.LANGUAGE (id_language, name) VALUES (13, 'Turque');
INSERT INTO Flutters.LANGUAGE (id_language, name) VALUES (14, 'Coréen');

INSERT INTO Flutters.NEWSLETTER (email, sub_date) VALUES ('huangfrederic2002@gmail.com', '2023-05-07');

INSERT INTO Flutters.MOVIE (id_movie, description, title, release_date, duration, poster_image, trailer) VALUES (5, 'Tony Stark, milliardaire excentrique, génie, playboy et vendeur d\'armes, est kidnappé par des terroristes. Il construit une armure pour s\'échapper.', 'Iron Man 1', '2008-04-30', 126, 'movies-img/movie-poster-1683407789.jpg', 'https://www.youtube.com/watch?v=rDCTb9Gp2qk&ab_channel=MarvelFr');
INSERT INTO Flutters.MOVIE (id_movie, description, title, release_date, duration, poster_image, trailer) VALUES (6, 'Bruce Banner cherche un antidote aux radiations qui ont créé Hulk. Il vit dans l\'ombre, toujours amoureux, et parcourt le monde recherchant un remède.', 'L\'Incroyable Hulk', '2008-07-23', 112, 'movies-img/movie-poster-1683408728.jpg', 'https://www.youtube.com/watch?v=LCjTxK1B5Pg&ab_channel=Gagtiger');
INSERT INTO Flutters.MOVIE (id_movie, description, title, release_date, duration, poster_image, trailer) VALUES (7, 'Le monde sait désormais que le génie milliardaire Tony Stark est Iron Man. Malgré la pression de tous, Tony n\'est pas disposé à divulguer ses secrets.', 'Iron Man 2', '2010-04-28', 124, 'movies-img/movie-poster-1683408898.jpg', 'https://www.youtube.com/watch?v=0Y7ullsUPEA&ab_channel=SuperBeri');
INSERT INTO Flutters.MOVIE (id_movie, description, title, release_date, duration, poster_image, trailer) VALUES (8, 'La légende dit qu\'autrefois, Aaron, l\'Aura Gardien, aidé de son Pokémon Lucario, réussit à arrêter une terrible guerre. Au Palais Cameran, les habitants organisent chaque année un tournoi Pokémon pour le célébrer. Sacha y participe et gagne, obtenant ainsi le titre d\'Aura Gardien. Mais le Pokémon légendaire Mew apparait alors et kidnappe Pikachu ! Lucario fait irruption et emmène Sacha et ses amis dans un périple à destination du mystérieux Arbre des Origines qui est protégé par les Golems Regirock, Regice et Registeel.', 'Pokemon - Lucario', '2008-03-12', 99, 'movies-img/movie-poster-1683409004.jpg', 'https://www.youtube.com/watch?v=e9y1oPeTP_0');
INSERT INTO Flutters.MOVIE (id_movie, description, title, release_date, duration, poster_image, trailer) VALUES (9, 'Giratina est le seul Pokémon habitant dans le Monde Inversé. En colère suite à la fissure spatio-temporelle provoquée par Palkia et Dialga, il attire Dialga dans ce royaume pour l\'affronter, mais le combat est arrêté par un petit Shaymin, le Pokémon Gratitude. Épuisé, Shaymin quitte le Monde Inversé et demande à Sacha et ses amis de l\'aider dans son voyage. Nos héros acceptent et pénètrent dans le Monde Inversé, où ils rencontrent Newton Graceland. Zéro, son ancien assistant, cherche à s\'emparer du pouvoir de Giratina pour contrôler le Monde Inversé, même si cela entraîne la destruction du monde réel! Nos héros pourront-ils contrecarrer ses plans maléfiques et protéger les deux mondes? Giratina pourra-t-il résoudre son différend avec Dialga? Et qu\'apprendront Sacha et ses amis sur ce Shaymin?', 'Pokemon - Giratina', '2011-03-12', 103, 'movies-img/movie-poster-1683409134.jpg', 'https://www.youtube.com/watch?v=G_FEKAE5OLk');
INSERT INTO Flutters.MOVIE (id_movie, description, title, release_date, duration, poster_image, trailer) VALUES (12, 'Thor, Dieu tout puissant mais arrogant, est exilé du royaume d\'Asgard et envoyé sur Terre. Mais quand les forces du mal arrivent, il devient un héros.', 'Thor (2011)', '2011-05-27', 115, 'movies-img/movie-poster-1683409371.jpg', 'https://www.youtube.com/watch?v=pzT3yeV9lT4&ab_channel=SlashersHouse');
INSERT INTO Flutters.MOVIE (id_movie, description, title, release_date, duration, poster_image, trailer) VALUES (13, 'Sacha pense tout connaître sur les Pokémon, mais est-il prêt à affronter le mystérieux Darkrai dans cette fabuleuse aventure? Sacha et ses amis, accompagnés d\'Alice, traversent la ville d\'Alamos où se trouvent les Tours de l\'Espace-Temps. Nos héros apprennent que ses habitants sont victimes de terribles cauchemars. Selon l\'arrogant Baron Alberto, ils sont dus à Darkrai, le Pokémon fabuleux... qui apparaît bientôt et confronte nos héros. Qui est vraiment Darkrai? Alors que les cieux se déchirent au-dessus d\'Alamos et qu\'apparaissent les Pokémon légendaires Dialga et Palkia, leur affrontement menace de déchirer le continuum espace-temps ! Sacha et ses amis vont-ils résister à cette lutte et découvrir la vraie nature de Darkrai?', 'Pokemon - Darkrai', '2008-12-23', 90, 'movies-img/movie-poster-1683409417.jpg', 'https://www.youtube.com/watch?v=8rogFtORh0A');
INSERT INTO Flutters.MOVIE (id_movie, description, title, release_date, duration, poster_image, trailer) VALUES (14, 'De la découverte d\'un fossile de Mew, le Pokémon fabuleux, les chercheurs font naître une création contraire aux lois de la nature : Mewtwo, un Pokémon légendaire créé pour devenir un instrument de destruction. Lorsque Mewtwo prend conscience de son existence, il développe une haine à l\'encontre de ses créateurs, les humains, et cherche vengeance. Sacha, Pikachu et leurs amis sont pris dans cette tourmente. Le futur du monde Pokémon est en jeu. Nos héros réussiront-ils à relever le défi de Mewtwo... Et Mewtwo trouvera-t-il un nouveau sens à sa vie ?', 'Pokemon - Mewtwo', '2001-03-12', 98, 'movies-img/movie-poster-1683409463.jpg', 'https://www.youtube.com/watch?v=g5SEp2lzMIk');
INSERT INTO Flutters.MOVIE (id_movie, description, title, release_date, duration, poster_image, trailer) VALUES (15, 'Steve est transformé en super-soldat grâce à une expérience top-secrète. Il devient alors Captain America pour défendre les idéaux des Etats-Unis.', 'Captain America - First Avenger', '2011-08-17', 124, 'movies-img/movie-poster-1683409488.jpg', 'https://www.youtube.com/watch?v=B9Org1_P8FM&ab_channel=Steven.P');
INSERT INTO Flutters.MOVIE (id_movie, description, title, release_date, duration, poster_image, trailer) VALUES (16, 'Notre histoire se passe longtemps avant que l\'Éclair et l\'Épéiste noir ne soient connus sous ces noms-là... Le jour où elle enfile le Nerve Gear, Yûki Asuna n\'est qu\'une élève de troisième, au collège, qui n\'a jamais touché à un jeu en ligne de sa vie.', 'SAO - Starless Night', '2017-03-12', 141, 'movies-img/movie-poster-1683409540.jpg', 'https://www.youtube.com/watch?v=9Vhujz0OFnw');
INSERT INTO Flutters.MOVIE (id_movie, description, title, release_date, duration, poster_image, trailer) VALUES (17, 'Thor se bat pour restaurer l’ordre dans le cosmos, mais une ancienne race, sous la conduite du terrible Malekith, un être assoiffé de vengeance, revient pour répandre les ténèbres. Confronté à un ennemi que même Odin et Asgard ne peuvent contrer, Thor doit s’engager dans son aventure la plus dangereuse et la plus personnelle, au cours de laquelle il va devoir s’allier au traître Loki pour sauver non seulement son peuple et ceux qui lui sont chers, mais aussi l’univers lui-même.', 'Thor - Le monde des ténèbres', '2013-10-30', 112, 'movies-img/movie-poster-1683409547.jpg', 'https://www.youtube.com/watch?v=uq4OFEwflnI&ab_channel=MarvelFR');
INSERT INTO Flutters.MOVIE (id_movie, description, title, release_date, duration, poster_image, trailer) VALUES (18, 'En l\'an 2026, deux ans après avoir été libérés de S.A.O, Kazuto et ses amis survivants profitent enfin de jours paisibles. Récemment, la réalité augmentée est devenue possible grâce à l\'Augma, et avec cette mode vient son lot de modifications du quotidien.', 'SAO - Ordinal Scale', '2016-03-12', 167, 'movies-img/movie-poster-1683409583.jpg', 'https://www.youtube.com/watch?v=hYIxyT-PMVQ');
INSERT INTO Flutters.MOVIE (id_movie, description, title, release_date, duration, poster_image, trailer) VALUES (19, 'Kirito se réveille dans un gigantesque monde virtuel fantastique. Sa mémoire lui faisant défaut, il se lance à la recherche d’indices. C’est au pied d’un arbre noir qu’il fait la rencontre du jeune Eugeo. Bien qu’étant un NPC, un personnage de ce monde virtuel, ce dernier est capable de ressentir et d’exprimer des sentiments humains. Alors que Kirito continue à chercher un moyen de se déconnecter, il se souvient avoir déjà couru avec Eugeo sur la montagne où ils se trouvent. Mais comment est-ce possible, ce souvenir ne devrait normalement pas exister ? Qui plus est, une jeune fille aux cheveux blonds est présente dans ce souvenir : Alice. Un nom qu\'il ne faut à aucun prix oublier...', 'SAO - Alicization', '2016-03-12', 169, 'movies-img/movie-poster-1683409624.jpg', 'https://www.youtube.com/watch?v=xBlQujV_4Pg');
INSERT INTO Flutters.MOVIE (id_movie, description, title, release_date, duration, poster_image, trailer) VALUES (20, 'Peter rassemble une équipe d\'aliens pour défendre la galaxie, menacée par Ronan et son armée, qui cherchent un mystérieux globe volé.', 'Les Gardiens de la Galaxie 1', '2014-08-13', 122, 'movies-img/movie-poster-1683409641.jpg', 'https://www.youtube.com/watch?v=ry19UYQoAro&ab_channel=FilmsActu');
INSERT INTO Flutters.MOVIE (id_movie, description, title, release_date, duration, poster_image, trailer) VALUES (21, '« Vous êtes peut-être dans un jeu, mais vous n\'êtes pas là pour jouer. » Un mois a passé depuis que Sword Art Online, le tout premier MMORPG en réalité virtuelle, a été coupé du monde. Pour dix mille joueurs, toute mort en jeu entraîne inévitablement un décès dans le monde réel.', 'SAO - Scherzo', '2022-03-12', 123, 'movies-img/movie-poster-1683409688.jpg', 'https://www.youtube.com/watch?v=85lkBETYlIM');
INSERT INTO Flutters.MOVIE (id_movie, description, title, release_date, duration, poster_image, trailer) VALUES (22, 'Jeune lycéen, Hodaka fuit son île pour rejoindre Tokyo. Sans argent ni emploi, il tente de survivre dans la jungle urbaine et trouve un poste dans une revue dédiée au paranormal. Un phénomène météorologique extrême touche alors le Japon, exposé à de constantes pluies. Hodaka est dépêché pour enquêter sur l\'existence de prêtresses du temps. Peu convaincu par cette légende, il change soudainement d\'avis lorsqu\'il croise la jeune Hina...', 'Les enfants du temps', '2021-05-07', 162, 'movies-img/movie-poster-1683409760.jpg', 'https://www.youtube.com/watch?v=E8qYl2_b6HI');
INSERT INTO Flutters.MOVIE (id_movie, description, title, release_date, duration, poster_image, trailer) VALUES (23, 'Nishimiya est une élève douce et attentionnée. Chaque jour, pourtant, elle est harcelée par Ishida, car elle est sourde. Dénoncé pour son comportement, le garçon est à son tour mis à l\'écart et rejeté par ses camarades. Des années plus tard, il apprend la langue des signes... et part à la recherche de la jeune fille.', 'Silent Voice', '2017-03-12', 121, 'movies-img/movie-poster-1683409798.jpg', 'https://www.youtube.com/watch?v=0MelIAXhyLc');
INSERT INTO Flutters.MOVIE (id_movie, description, title, release_date, duration, poster_image, trailer) VALUES (24, 'Steve Rogers est désormais à la tête des Avengers, dont la mission est de protéger l\'humanité. À la suite d\'une de leurs interventions qui a causé d\'importants dégâts collatéraux, le gouvernement décide de mettre en place un organisme de commandement et de supervision.', 'Captain America : Civil War', '2016-04-27', 147, 'movies-img/movie-poster-1683409843.jpg', 'https://www.youtube.com/watch?v=fuIIGDjEj8Q&ab_channel=MarvelFR');
INSERT INTO Flutters.MOVIE (id_movie, description, title, release_date, duration, poster_image, trailer) VALUES (25, 'Shibuya, le monde des humains, et Jutengai, le monde des Bêtes... C\'est l\'histoire d\'un garçon solitaire et d\'une Bête seule, qui vivent chacun dans deux mondes séparés. Un jour, le garçon se perd dans le monde des Bêtes où il devient le disciple de la Bête Kumatetsu qui lui donne le nom de Kyuta.', 'Le Garçon et la Bête', '2016-03-21', 134, 'movies-img/movie-poster-1683409855.jpg', 'https://www.youtube.com/watch?v=TNXc9_cAkyg');
INSERT INTO Flutters.MOVIE (id_movie, description, title, release_date, duration, poster_image, trailer) VALUES (26, 'Stephen Strange, un neurochirurgien, se blesse gravement aux mains lors d\'un accident. Dans sa quête de les soigner, il entreprend un voyage qui va le mener vers l\'apprentissage de la magie.', 'Doctor Strange (2016)', '2016-10-26', 115, 'movies-img/movie-poster-1683409911.jpg', 'https://www.youtube.com/watch?v=bly7XM7QzSY&ab_channel=FilmsActu');
INSERT INTO Flutters.MOVIE (id_movie, description, title, release_date, duration, poster_image, trailer) VALUES (27, 'Quatre lycéens découvrent une vieille console contenant un jeu vidéo dont ils n’avaient jamais entendu parler : Jumanji. En voulant jouer, ils se retrouvent mystérieusement propulsés dans la jungle de Jumanji, où ils deviennent leurs avatars', 'Jumanji', '2015-03-12', 123, 'movies-img/movie-poster-1683409931.jpg', 'https://www.youtube.com/watch?v=oZI2njF5rx0');
INSERT INTO Flutters.MOVIE (id_movie, description, title, release_date, duration, poster_image, trailer) VALUES (28, 'Thor est retenu prisonnier à l\'autre bout de l\'univers sans son puissant marteau, et se retrouve face à une course contre la montre pour retourner à Asgard et arrêter le Ragnarok, qui signifie la destruction de son monde et la fin de la civilisation asgardienne des mains de la toute puissante et impitoyable Hela. Mais avant cela, il doit survivre à une lutte mortelle entre gladiateurs, qui le voit faire face à son ancien allié et ami, l\'Incroyable Hulk !', 'Thor: Ragnarok', '2017-10-25', 130, 'movies-img/movie-poster-1683409967.jpg', 'https://www.youtube.com/watch?v=RtG6scyBIeM&ab_channel=MarvelFR');
INSERT INTO Flutters.MOVIE (id_movie, description, title, release_date, duration, poster_image, trailer) VALUES (29, 'L\'équipe est de retour mais le jeu a changé. Alors qu\'ils retournent dans Jumanji pour secourir l\'un des leurs, ils découvrent un monde totalement inattendu. Des déserts arides aux montagnes enneigées, les joueurs vont devoir braver des espaces inconnus et inexplorés, afin de sortir du jeu le plus dangereux du monde.', 'Jumanji - Next Level', '2019-03-12', 163, 'movies-img/movie-poster-1683409983.jpg', 'https://www.youtube.com/watch?v=RhWRa0wBBHA');
INSERT INTO Flutters.MOVIE (id_movie, description, title, release_date, duration, poster_image, trailer) VALUES (30, 'T\'Challa retourne au royaume de Wakanda, une nation africaine cachée et convoitée, afin de prendre sa place légitime sur le trône.', 'Black Panther', '2018-02-14', 134, 'movies-img/movie-poster-1683410025.jpg', 'https://www.youtube.com/watch?v=xjDjIWPwcPU&ab_channel=MarvelEntertainment');
INSERT INTO Flutters.MOVIE (id_movie, description, title, release_date, duration, poster_image, trailer) VALUES (31, 'Un virus inconnu se répand en Corée du Sud, l\'état d\'urgence est décrété. Les passagers du train KTX se livrent à une lutte sans merci afin de survivre jusqu\'à Busan, l\'unique ville où ils seront en sécurité...', 'Le dernier train pour busan', '2013-12-13', 152, 'movies-img/movie-poster-1683410047.jpg', 'https://www.youtube.com/watch?v=V9Zg3F5EEjQ');
INSERT INTO Flutters.MOVIE (id_movie, description, title, release_date, duration, poster_image, trailer) VALUES (32, 'Après les événements survenus dans Captain America : Civil War, Scott Lang a bien du mal à concilier sa vie de super-héros et ses responsabilités de père. Mais ses réflexions sur les conséquences de ses choix tournent court lorsque Hope van Dyne et le Dr Hank Pym lui confient une nouvelle mission urgente… Scott va devoir renfiler son costume et apprendre à se battre aux côtés de La Guêpe afin de faire la lumière sur des secrets enfouis de longue date…', 'Ant-Man et la Guêpe', '2018-07-18', 118, 'movies-img/movie-poster-1683410074.jpg', 'https://www.youtube.com/watch?v=A5jzpMR6rv4&ab_channel=MarvelFR');
INSERT INTO Flutters.MOVIE (id_movie, description, title, release_date, duration, poster_image, trailer) VALUES (33, 'Quatre ans après Dernier train pour Busan, il ne reste que des zombies dans la péninsule. Un groupe de soldats forcés d’y retourner découvrent que des survivants non contaminés se sont regroupés dans une bande bien plus dangereuse que les zombies...', 'Peninsula', '2019-03-12', 151, 'movies-img/movie-poster-1683410092.jpg', 'https://www.youtube.com/watch?v=2pn0od5XA9w');
INSERT INTO Flutters.MOVIE (id_movie, description, title, release_date, duration, poster_image, trailer) VALUES (34, 'Captain Marvel raconte l’histoire de Carol Danvers qui va devenir l’une des super-héroïnes les plus puissantes de l’univers lorsque la Terre se révèle l’enjeu d’une guerre galactique entre deux races extraterrestres.', 'Captain Marvel', '2019-03-06', 124, 'movies-img/movie-poster-1683410125.jpg', 'https://www.youtube.com/watch?v=rndLWLmwgeA&ab_channel=MarvelFR');
INSERT INTO Flutters.MOVIE (id_movie, description, title, release_date, duration, poster_image, trailer) VALUES (35, 'Le groupe de Tanjirô a terminé son entraînement de récupération au domaine des papillons et embarque à présent en vue de sa prochaine mission à bord du train de l\'infini, d\'où quarante personnes ont disparu en peu de temps.', 'Demon Slayer - Le train de l\'infini', '2021-03-12', 152, 'movies-img/movie-poster-1683410148.jpg', 'https://www.youtube.com/watch?v=Eam4YDTTkdI');
INSERT INTO Flutters.MOVIE (id_movie, description, title, release_date, duration, poster_image, trailer) VALUES (36, 'Le jeune Peter Parker découvre peu à peu sa nouvelle identité, celle de Spider-Man, le super-héros lanceur de toile. Galvanisé par son expérience avec les Avengers, Peter rentre chez lui auprès de sa tante May, sous l’œil attentif de son nouveau mentor, Tony Stark.', 'Spiderman - Homecoming', '2016-03-21', 142, 'movies-img/movie-poster-1683410203.jpg', 'https://www.youtube.com/watch?v=mJQ4u-kXoGc');
INSERT INTO Flutters.MOVIE (id_movie, description, title, release_date, duration, poster_image, trailer) VALUES (38, 'L\'araignée sympa du quartier décide de rejoindre ses meilleurs amis Ned, MJ, et le reste de la bande pour des vacances en Europe. Cependant, le projet de Peter de laisser son costume de super-héros derrière lui pendant quelques semaines est rapidement compromis quand il accepte à contrecoeur d\'aider Nick Fury à découvrir le mystère de plusieurs attaques de créatures, qui ravagent le continent !', 'Spiderman - Far From Home', '2019-03-12', 152, 'movies-img/movie-poster-1683410262.jpg', 'https://www.youtube.com/watch?v=FguIk-SEkWI');
INSERT INTO Flutters.MOVIE (id_movie, description, title, release_date, duration, poster_image, trailer) VALUES (39, 'Pour la première fois dans son histoire cinématographique, Spider-Man, le héros sympa du quartier est démasqué et ne peut désormais plus séparer sa vie normale de ses lourdes responsabilités de super-héros. Quand il demande de l\'aide à Doctor Strange, les enjeux deviennent encore plus dangereux...', 'Spideman - No Way Home', '2022-02-24', 152, 'movies-img/movie-poster-1683410317.jpg', 'https://www.youtube.com/watch?v=7w_w10HVa54');
INSERT INTO Flutters.MOVIE (id_movie, description, title, release_date, duration, poster_image, trailer) VALUES (40, 'Shang-Chi va devoir affronter un passé qu’il pensait avoir laissé derrière lui lorsqu’il est pris dans la toile de la mystérieuse organisation des Dix Anneaux.', 'Shang-Chi et la Légende des Dix Anneaux', '2021-09-01', 132, 'movies-img/movie-poster-1683410328.jpg', 'https://www.youtube.com/watch?v=PD3rUCBFDlI&ab_channel=MarvelFR');
INSERT INTO Flutters.MOVIE (id_movie, description, title, release_date, duration, poster_image, trailer) VALUES (41, 'Depuis l\'aube de l\'humanité, les Éternels, un groupe de héros venus des confins de l\'univers, protègent la Terre. Lorsque les Déviants, des créatures monstrueuses que l\'on croyait disparues depuis longtemps, réapparaissent mystérieusement, les Éternels sont à nouveau obligés de se réunir pour défendre l\'humanité…', 'Les Éternels', '2021-11-03', 157, 'movies-img/movie-poster-1683410372.jpg', 'https://www.youtube.com/watch?v=nHcubNwuKFA&ab_channel=MarvelFR');
INSERT INTO Flutters.MOVIE (id_movie, description, title, release_date, duration, poster_image, trailer) VALUES (42, 'Après avoir retrouvé Gwen Stacy, Spider-Man, le sympathique héros originaire de Brooklyn, est catapulté à travers le Multivers, où il rencontre une équipe de Spider-Héros chargée d\'en protéger l\'existence. Mais lorsque les héros s\'opposent sur la façon de gérer une nouvelle menace, Miles se retrouve confronté à eux et doit redéfinir ce que signifie être un héros afin de sauver les personnes qu\'il aime le plus.', 'Spiderman - Next Gen', '2017-12-13', 111, 'movies-img/movie-poster-1683410383.jpg', 'https://www.youtube.com/watch?v=UQDvqI7I7q4');
INSERT INTO Flutters.MOVIE (id_movie, description, title, release_date, duration, poster_image, trailer) VALUES (44, 'Mitsuha, adolescente coincée dans une famille traditionnelle, rêve de quitter ses montagnes natales pour découvrir la vie trépidante de Tokyo. Elle est loin d’imaginer pouvoir vivre l’aventure urbaine dans la peau de… Taki, un jeune lycéen vivant à Tokyo, occupé entre son petit boulot dans un restaurant italien et ses nombreux amis.', 'Your Name', '2017-03-21', 123, 'movies-img/movie-poster-1683410449.jpg', 'https://www.youtube.com/watch?v=AROOK45LXXg');
INSERT INTO Flutters.MOVIE (id_movie, description, title, release_date, duration, poster_image, trailer) VALUES (45, 'Voyagez dans l’inconnu avec Doctor Strange, qui avec l’aide d’anciens et de nouveaux alliés mystiques, traverse les réalités hallucinantes et dangereuses du multivers pour affronter un nouvel adversaire mystérieux.', 'Doctor Strange - Multiverse of Madness', '2022-05-04', 126, 'movies-img/movie-poster-1683410475.jpg', 'https://www.youtube.com/watch?v=aWzlQ2N6qqg&ab_channel=MarvelEntertainment');
INSERT INTO Flutters.MOVIE (id_movie, description, title, release_date, duration, poster_image, trailer) VALUES (46, 'Alors qu’ils tentent de réparer une canalisation souterraine, Mario et son frère Luigi, tous deux plombiers, se retrouvent plongés dans un nouvel univers féerique à travers un mystérieux conduit.', 'Super Mario Bros', '2023-03-12', 123, 'movies-img/movie-poster-1683410494.png', 'https://www.youtube.com/watch?v=beVRhM8jEwc');
INSERT INTO Flutters.MOVIE (id_movie, description, title, release_date, duration, poster_image, trailer) VALUES (47, 'Notre bande de marginaux favorite a quelque peu changé. Peter Quill, qui pleure toujours la perte de Gamora, doit rassembler son équipe pour défendre l’univers et protéger l’un des siens. En cas d’échec, cette mission pourrait bien marquer la fin des Gardiens tels que nous les connaissons.', 'Les Gardiens de la galaxie Vol. 3', '2023-05-03', 150, 'movies-img/movie-poster-1683410519.jpg', 'https://www.youtube.com/watch?v=0RsvBSFm938&ab_channel=FilmsActu');
INSERT INTO Flutters.MOVIE (id_movie, description, title, release_date, duration, poster_image, trailer) VALUES (48, 'Nathan Drake, voleur astucieux et intrépide, est recruté par le chasseur de trésors chevronné Victor « Sully » Sullivan pour retrouver la fortune de Ferdinand Magellan, disparue il y a 500 ans.', 'Uncharted', '2019-03-21', 141, 'movies-img/movie-poster-1683410533.jpg', 'https://www.youtube.com/watch?v=mduvAjUGl4s');
INSERT INTO Flutters.MOVIE (id_movie, description, title, release_date, duration, poster_image, trailer) VALUES (49, 'Après la mort du roi T\'Challa alias Black Panther, le Wakanda est en deuil et Ramonda a repris le siège royal avec l\'aide de sa fille Shuri, des Dora Milaje, Okoye, Ayo et de M\'Baku. Cependant, quand Namor, roi de Talocan, déclare la guerre à la nation, les personnages que nous connaissons vont devoir s\'allier à de nouvelles personnes, comme Riri Williams mais aussi à d\'anciennes connaissances pour vaincre cette menace.', 'Black Panther: Wakanda Forever', '2022-11-09', 161, 'movies-img/movie-poster-1683410577.jpg', 'https://www.youtube.com/watch?v=DlGIWM_e9vg&ab_channel=MarvelFR');
INSERT INTO Flutters.MOVIE (id_movie, description, title, release_date, duration, poster_image, trailer) VALUES (50, 'Bien installé dans la petite ville de Green Hills, Sonic veut maintenant prouver qu’il a l’étoffe d\' un véritable héros. Un défi de taille se présente à lui quand le Dr Robotnik refait son apparition.', 'Sonic 2', '2021-03-12', 142, 'movies-img/movie-poster-1683410591.jpg', 'https://www.youtube.com/watch?v=SqH3-sCkZQw');
INSERT INTO Flutters.MOVIE (id_movie, description, title, release_date, duration, poster_image, trailer) VALUES (51, 'Bien installé dans la petite ville de Green Hills, Sonic veut maintenant prouver qu’il a l’étoffe d\' un véritable héros. Un défi de taille se présente à lui quand le Dr Robotnik refait son apparition.', 'Sonic', '2021-04-21', 123, 'movies-img/movie-poster-1683410639.jpg', 'https://www.youtube.com/watch?v=SqH3-sCkZQw');
INSERT INTO Flutters.MOVIE (id_movie, description, title, release_date, duration, poster_image, trailer) VALUES (52, 'Après avoir été l’un des meilleurs pilotes de chasse de la Marine américaine, Pete “Maverick" Mitchell continue à repousser ses limites en tant que pilote d\'essai. Il est chargé de former un détachement de jeunes diplômés de l’école Top Gun pour une mission spéciale qu’aucun pilote n\'aurait jamais imaginée.', 'Top Gun - Maverick', '2022-04-12', 124, 'movies-img/movie-poster-1683410694.jpg', 'https://www.youtube.com/watch?v=JYaFU81-t6c');
INSERT INTO Flutters.MOVIE (id_movie, description, title, release_date, duration, poster_image, trailer) VALUES (53, 'Se déroulant plus d’une décennie après les événements relatés dans le premier film, AVATAR : LA VOIE DE L’EAU raconte l\'histoire des membres de la famille Sully (Jake, Neytiri et leurs enfants), les épreuves auxquelles ils sont confrontés, les chemins qu’ils doivent emprunter pour se protéger les uns les autres, les batailles qu’ils doivent mener pour rester en vie et les tragédies qu\'ils endurent.', 'Avatar - La voie de l\'eau', '2022-04-12', 124, 'movies-img/movie-poster-1683410742.jpg', 'https://www.youtube.com/watch?v=598NnroP42s');
INSERT INTO Flutters.MOVIE (id_movie, description, title, release_date, duration, poster_image, trailer) VALUES (54, 'Sur la lointaine planète de Pandora, Jake Sully, un héros malgré lui, se lance dans une quête de rédemption, de découverte, d\'amour inattendu, dont l\'issue sera un combat héroïque pour sauver toute une civilisation.', 'Avatar', '2008-04-12', 142, 'movies-img/movie-poster-1683410809.jpg', 'https://www.youtube.com/watch?v=60ArLSCgjSU&t=7s');
INSERT INTO Flutters.MOVIE (id_movie, description, title, release_date, duration, poster_image, trailer) VALUES (55, 'À Derry, dans le Maine, sept gamins ayant du mal à s\'intégrer se sont regroupés au sein du "Club des Ratés". Rejetés par leurs camarades, ils sont les cibles favorites des gros durs de l\'école. Ils ont aussi en commun d\'avoir éprouvé leur plus grande terreur face à un terrible prédateur métamorphe qu\'ils appellent "Ça"…', 'CA - Chapitre 1', '2016-03-12', 162, 'movies-img/movie-poster-1683410857.jpg', 'https://www.youtube.com/watch?v=FnCdOQsX5kc');
INSERT INTO Flutters.MOVIE (id_movie, description, title, release_date, duration, poster_image, trailer) VALUES (56, '27 ans après la victoire du Club des Ratés sur Grippe-Sou, le sinistre Clown est de retour pour semer la terreur dans les rues de Derry. Désormais adultes, les membres du Club ont tous quitté la petite ville pour faire leur vie. Cependant, lorsqu\'on signale de nouvelles disparitions d\'enfants, Mike, le seul du groupe à être demeuré sur place, demande aux autres de le rejoindre.', 'CA - Chapitre 2', '2016-03-12', 162, 'movies-img/movie-poster-1683410911.jpg', 'https://www.youtube.com/watch?v=yOZA2y_dQA4');
INSERT INTO Flutters.MOVIE (id_movie, description, title, release_date, duration, poster_image, trailer) VALUES (57, 'Lorsque des légions de monstreuses créatures extraterrestres surgirent des océans, une terrible guerre débuta. Pour les combattre, les hommes créèrent des robots géants, les Jaegers. Mais meme ces terribles Jaegers ne pouvaient vaincre ces créatures. Alors que la défaite est proche, l\'humanité doit désormais se reposer sur deux héros improbables, qui décident de faire revivre un vieux Jaegers. C\'est l\'ultime espoir face à l\'apocalypse...', 'Pacific Rim', '2013-02-12', 141, 'movies-img/movie-poster-1683410980.jpg', 'https://www.youtube.com/watch?v=qOX_O118N7k&t=1s');
INSERT INTO Flutters.MOVIE (id_movie, description, title, release_date, duration, poster_image, trailer) VALUES (58, 'Le conflit planétaire qui oppose les Kaiju, créatures extraterrestres, aux Jaegers, robots géants pilotés par des humains, n’était que la première vague d’une attaque massive contre l’Humanité...', 'Pacific Rim - Uprising', '2021-04-12', 151, 'movies-img/movie-poster-1683411084.jpg', 'https://www.youtube.com/watch?v=m6YGQJazEbg');
INSERT INTO Flutters.MOVIE (id_movie, description, title, release_date, duration, poster_image, trailer) VALUES (59, 'Tony Stark, l’industriel flamboyant qui est aussi Iron Man, est confronté cette fois à un ennemi qui va attaquer sur tous les fronts. Lorsque son univers personnel est détruit, Stark se lance dans une quête acharnée pour retrouver les coupables. Plus que jamais, son courage va être mis à l’épreuve, à chaque instant. Dos au mur, il ne peut plus compter que sur ses inventions, son ingéniosité, et son instinct pour protéger ses proches. Alors qu’il se jette dans la bataille, Stark va enfin découvrir la réponse à la question qui le hante secrètement depuis si longtemps : est-ce l’homme qui fait le costume ou bien le costume qui fait l’homme ?', 'Iron Man 3', '2014-04-12', 142, 'movies-img/movie-poster-1683411155.jpg', 'https://www.youtube.com/watch?v=wnEr73Rq3Ac');

INSERT INTO Flutters.IS_TO (id_movie, id_type) VALUES (5, 3);
INSERT INTO Flutters.IS_TO (id_movie, id_type) VALUES (5, 4);
INSERT INTO Flutters.IS_TO (id_movie, id_type) VALUES (5, 5);
INSERT INTO Flutters.IS_TO (id_movie, id_type) VALUES (6, 3);
INSERT INTO Flutters.IS_TO (id_movie, id_type) VALUES (6, 4);
INSERT INTO Flutters.IS_TO (id_movie, id_type) VALUES (6, 5);
INSERT INTO Flutters.IS_TO (id_movie, id_type) VALUES (7, 3);
INSERT INTO Flutters.IS_TO (id_movie, id_type) VALUES (7, 4);
INSERT INTO Flutters.IS_TO (id_movie, id_type) VALUES (7, 5);
INSERT INTO Flutters.IS_TO (id_movie, id_type) VALUES (8, 3);
INSERT INTO Flutters.IS_TO (id_movie, id_type) VALUES (8, 9);
INSERT INTO Flutters.IS_TO (id_movie, id_type) VALUES (9, 3);
INSERT INTO Flutters.IS_TO (id_movie, id_type) VALUES (9, 8);
INSERT INTO Flutters.IS_TO (id_movie, id_type) VALUES (12, 2);
INSERT INTO Flutters.IS_TO (id_movie, id_type) VALUES (12, 3);
INSERT INTO Flutters.IS_TO (id_movie, id_type) VALUES (12, 8);
INSERT INTO Flutters.IS_TO (id_movie, id_type) VALUES (13, 2);
INSERT INTO Flutters.IS_TO (id_movie, id_type) VALUES (13, 4);
INSERT INTO Flutters.IS_TO (id_movie, id_type) VALUES (14, 3);
INSERT INTO Flutters.IS_TO (id_movie, id_type) VALUES (14, 9);
INSERT INTO Flutters.IS_TO (id_movie, id_type) VALUES (15, 2);
INSERT INTO Flutters.IS_TO (id_movie, id_type) VALUES (15, 3);
INSERT INTO Flutters.IS_TO (id_movie, id_type) VALUES (15, 5);
INSERT INTO Flutters.IS_TO (id_movie, id_type) VALUES (16, 4);
INSERT INTO Flutters.IS_TO (id_movie, id_type) VALUES (16, 9);
INSERT INTO Flutters.IS_TO (id_movie, id_type) VALUES (17, 3);
INSERT INTO Flutters.IS_TO (id_movie, id_type) VALUES (17, 4);
INSERT INTO Flutters.IS_TO (id_movie, id_type) VALUES (17, 7);
INSERT INTO Flutters.IS_TO (id_movie, id_type) VALUES (18, 3);
INSERT INTO Flutters.IS_TO (id_movie, id_type) VALUES (18, 4);
INSERT INTO Flutters.IS_TO (id_movie, id_type) VALUES (19, 3);
INSERT INTO Flutters.IS_TO (id_movie, id_type) VALUES (19, 8);
INSERT INTO Flutters.IS_TO (id_movie, id_type) VALUES (19, 9);
INSERT INTO Flutters.IS_TO (id_movie, id_type) VALUES (20, 3);
INSERT INTO Flutters.IS_TO (id_movie, id_type) VALUES (20, 4);
INSERT INTO Flutters.IS_TO (id_movie, id_type) VALUES (20, 5);
INSERT INTO Flutters.IS_TO (id_movie, id_type) VALUES (20, 7);
INSERT INTO Flutters.IS_TO (id_movie, id_type) VALUES (21, 3);
INSERT INTO Flutters.IS_TO (id_movie, id_type) VALUES (21, 9);
INSERT INTO Flutters.IS_TO (id_movie, id_type) VALUES (22, 2);
INSERT INTO Flutters.IS_TO (id_movie, id_type) VALUES (22, 9);
INSERT INTO Flutters.IS_TO (id_movie, id_type) VALUES (23, 2);
INSERT INTO Flutters.IS_TO (id_movie, id_type) VALUES (23, 4);
INSERT INTO Flutters.IS_TO (id_movie, id_type) VALUES (24, 3);
INSERT INTO Flutters.IS_TO (id_movie, id_type) VALUES (24, 4);
INSERT INTO Flutters.IS_TO (id_movie, id_type) VALUES (24, 5);
INSERT INTO Flutters.IS_TO (id_movie, id_type) VALUES (25, 2);
INSERT INTO Flutters.IS_TO (id_movie, id_type) VALUES (25, 8);
INSERT INTO Flutters.IS_TO (id_movie, id_type) VALUES (26, 3);
INSERT INTO Flutters.IS_TO (id_movie, id_type) VALUES (26, 4);
INSERT INTO Flutters.IS_TO (id_movie, id_type) VALUES (26, 7);
INSERT INTO Flutters.IS_TO (id_movie, id_type) VALUES (27, 2);
INSERT INTO Flutters.IS_TO (id_movie, id_type) VALUES (27, 4);
INSERT INTO Flutters.IS_TO (id_movie, id_type) VALUES (28, 3);
INSERT INTO Flutters.IS_TO (id_movie, id_type) VALUES (28, 4);
INSERT INTO Flutters.IS_TO (id_movie, id_type) VALUES (28, 7);
INSERT INTO Flutters.IS_TO (id_movie, id_type) VALUES (28, 8);
INSERT INTO Flutters.IS_TO (id_movie, id_type) VALUES (29, 2);
INSERT INTO Flutters.IS_TO (id_movie, id_type) VALUES (29, 9);
INSERT INTO Flutters.IS_TO (id_movie, id_type) VALUES (30, 3);
INSERT INTO Flutters.IS_TO (id_movie, id_type) VALUES (30, 5);
INSERT INTO Flutters.IS_TO (id_movie, id_type) VALUES (30, 9);
INSERT INTO Flutters.IS_TO (id_movie, id_type) VALUES (31, 6);
INSERT INTO Flutters.IS_TO (id_movie, id_type) VALUES (31, 9);
INSERT INTO Flutters.IS_TO (id_movie, id_type) VALUES (32, 3);
INSERT INTO Flutters.IS_TO (id_movie, id_type) VALUES (32, 4);
INSERT INTO Flutters.IS_TO (id_movie, id_type) VALUES (32, 5);
INSERT INTO Flutters.IS_TO (id_movie, id_type) VALUES (32, 8);
INSERT INTO Flutters.IS_TO (id_movie, id_type) VALUES (33, 2);
INSERT INTO Flutters.IS_TO (id_movie, id_type) VALUES (33, 4);
INSERT INTO Flutters.IS_TO (id_movie, id_type) VALUES (34, 2);
INSERT INTO Flutters.IS_TO (id_movie, id_type) VALUES (34, 3);
INSERT INTO Flutters.IS_TO (id_movie, id_type) VALUES (34, 5);
INSERT INTO Flutters.IS_TO (id_movie, id_type) VALUES (35, 4);
INSERT INTO Flutters.IS_TO (id_movie, id_type) VALUES (35, 9);
INSERT INTO Flutters.IS_TO (id_movie, id_type) VALUES (36, 9);
INSERT INTO Flutters.IS_TO (id_movie, id_type) VALUES (38, 4);
INSERT INTO Flutters.IS_TO (id_movie, id_type) VALUES (39, 7);
INSERT INTO Flutters.IS_TO (id_movie, id_type) VALUES (39, 9);
INSERT INTO Flutters.IS_TO (id_movie, id_type) VALUES (40, 3);
INSERT INTO Flutters.IS_TO (id_movie, id_type) VALUES (40, 5);
INSERT INTO Flutters.IS_TO (id_movie, id_type) VALUES (40, 7);
INSERT INTO Flutters.IS_TO (id_movie, id_type) VALUES (40, 9);
INSERT INTO Flutters.IS_TO (id_movie, id_type) VALUES (41, 3);
INSERT INTO Flutters.IS_TO (id_movie, id_type) VALUES (41, 4);
INSERT INTO Flutters.IS_TO (id_movie, id_type) VALUES (41, 5);
INSERT INTO Flutters.IS_TO (id_movie, id_type) VALUES (41, 6);
INSERT INTO Flutters.IS_TO (id_movie, id_type) VALUES (42, 3);
INSERT INTO Flutters.IS_TO (id_movie, id_type) VALUES (42, 4);
INSERT INTO Flutters.IS_TO (id_movie, id_type) VALUES (44, 8);
INSERT INTO Flutters.IS_TO (id_movie, id_type) VALUES (44, 9);
INSERT INTO Flutters.IS_TO (id_movie, id_type) VALUES (45, 3);
INSERT INTO Flutters.IS_TO (id_movie, id_type) VALUES (45, 4);
INSERT INTO Flutters.IS_TO (id_movie, id_type) VALUES (45, 6);
INSERT INTO Flutters.IS_TO (id_movie, id_type) VALUES (46, 2);
INSERT INTO Flutters.IS_TO (id_movie, id_type) VALUES (46, 9);
INSERT INTO Flutters.IS_TO (id_movie, id_type) VALUES (47, 3);
INSERT INTO Flutters.IS_TO (id_movie, id_type) VALUES (47, 5);
INSERT INTO Flutters.IS_TO (id_movie, id_type) VALUES (47, 8);
INSERT INTO Flutters.IS_TO (id_movie, id_type) VALUES (48, 8);
INSERT INTO Flutters.IS_TO (id_movie, id_type) VALUES (48, 9);
INSERT INTO Flutters.IS_TO (id_movie, id_type) VALUES (49, 3);
INSERT INTO Flutters.IS_TO (id_movie, id_type) VALUES (49, 4);
INSERT INTO Flutters.IS_TO (id_movie, id_type) VALUES (49, 9);
INSERT INTO Flutters.IS_TO (id_movie, id_type) VALUES (50, 7);
INSERT INTO Flutters.IS_TO (id_movie, id_type) VALUES (50, 9);
INSERT INTO Flutters.IS_TO (id_movie, id_type) VALUES (51, 3);
INSERT INTO Flutters.IS_TO (id_movie, id_type) VALUES (51, 7);
INSERT INTO Flutters.IS_TO (id_movie, id_type) VALUES (52, 2);
INSERT INTO Flutters.IS_TO (id_movie, id_type) VALUES (52, 8);
INSERT INTO Flutters.IS_TO (id_movie, id_type) VALUES (53, 8);
INSERT INTO Flutters.IS_TO (id_movie, id_type) VALUES (53, 9);
INSERT INTO Flutters.IS_TO (id_movie, id_type) VALUES (54, 4);
INSERT INTO Flutters.IS_TO (id_movie, id_type) VALUES (54, 8);
INSERT INTO Flutters.IS_TO (id_movie, id_type) VALUES (55, 4);
INSERT INTO Flutters.IS_TO (id_movie, id_type) VALUES (55, 7);
INSERT INTO Flutters.IS_TO (id_movie, id_type) VALUES (56, 9);
INSERT INTO Flutters.IS_TO (id_movie, id_type) VALUES (57, 4);
INSERT INTO Flutters.IS_TO (id_movie, id_type) VALUES (57, 9);
INSERT INTO Flutters.IS_TO (id_movie, id_type) VALUES (58, 4);
INSERT INTO Flutters.IS_TO (id_movie, id_type) VALUES (58, 9);
INSERT INTO Flutters.IS_TO (id_movie, id_type) VALUES (59, 2);
INSERT INTO Flutters.IS_TO (id_movie, id_type) VALUES (59, 8);

INSERT INTO Flutters.REALIZED (id_movie, id_director) VALUES (5, 2);
INSERT INTO Flutters.REALIZED (id_movie, id_director) VALUES (6, 3);
INSERT INTO Flutters.REALIZED (id_movie, id_director) VALUES (7, 2);
INSERT INTO Flutters.REALIZED (id_movie, id_director) VALUES (8, 14);
INSERT INTO Flutters.REALIZED (id_movie, id_director) VALUES (8, 18);
INSERT INTO Flutters.REALIZED (id_movie, id_director) VALUES (9, 12);
INSERT INTO Flutters.REALIZED (id_movie, id_director) VALUES (9, 19);
INSERT INTO Flutters.REALIZED (id_movie, id_director) VALUES (12, 23);
INSERT INTO Flutters.REALIZED (id_movie, id_director) VALUES (13, 10);
INSERT INTO Flutters.REALIZED (id_movie, id_director) VALUES (13, 16);
INSERT INTO Flutters.REALIZED (id_movie, id_director) VALUES (14, 23);
INSERT INTO Flutters.REALIZED (id_movie, id_director) VALUES (15, 16);
INSERT INTO Flutters.REALIZED (id_movie, id_director) VALUES (16, 12);
INSERT INTO Flutters.REALIZED (id_movie, id_director) VALUES (16, 23);
INSERT INTO Flutters.REALIZED (id_movie, id_director) VALUES (17, 12);
INSERT INTO Flutters.REALIZED (id_movie, id_director) VALUES (17, 14);
INSERT INTO Flutters.REALIZED (id_movie, id_director) VALUES (18, 20);
INSERT INTO Flutters.REALIZED (id_movie, id_director) VALUES (19, 11);
INSERT INTO Flutters.REALIZED (id_movie, id_director) VALUES (20, 5);
INSERT INTO Flutters.REALIZED (id_movie, id_director) VALUES (21, 5);
INSERT INTO Flutters.REALIZED (id_movie, id_director) VALUES (22, 21);
INSERT INTO Flutters.REALIZED (id_movie, id_director) VALUES (23, 4);
INSERT INTO Flutters.REALIZED (id_movie, id_director) VALUES (24, 23);
INSERT INTO Flutters.REALIZED (id_movie, id_director) VALUES (25, 5);
INSERT INTO Flutters.REALIZED (id_movie, id_director) VALUES (26, 10);
INSERT INTO Flutters.REALIZED (id_movie, id_director) VALUES (26, 14);
INSERT INTO Flutters.REALIZED (id_movie, id_director) VALUES (27, 2);
INSERT INTO Flutters.REALIZED (id_movie, id_director) VALUES (28, 21);
INSERT INTO Flutters.REALIZED (id_movie, id_director) VALUES (29, 11);
INSERT INTO Flutters.REALIZED (id_movie, id_director) VALUES (30, 4);
INSERT INTO Flutters.REALIZED (id_movie, id_director) VALUES (31, 11);
INSERT INTO Flutters.REALIZED (id_movie, id_director) VALUES (32, 6);
INSERT INTO Flutters.REALIZED (id_movie, id_director) VALUES (33, 23);
INSERT INTO Flutters.REALIZED (id_movie, id_director) VALUES (34, 16);
INSERT INTO Flutters.REALIZED (id_movie, id_director) VALUES (35, 19);
INSERT INTO Flutters.REALIZED (id_movie, id_director) VALUES (36, 6);
INSERT INTO Flutters.REALIZED (id_movie, id_director) VALUES (38, 6);
INSERT INTO Flutters.REALIZED (id_movie, id_director) VALUES (39, 20);
INSERT INTO Flutters.REALIZED (id_movie, id_director) VALUES (40, 22);
INSERT INTO Flutters.REALIZED (id_movie, id_director) VALUES (41, 18);
INSERT INTO Flutters.REALIZED (id_movie, id_director) VALUES (41, 23);
INSERT INTO Flutters.REALIZED (id_movie, id_director) VALUES (42, 5);
INSERT INTO Flutters.REALIZED (id_movie, id_director) VALUES (44, 20);
INSERT INTO Flutters.REALIZED (id_movie, id_director) VALUES (45, 11);
INSERT INTO Flutters.REALIZED (id_movie, id_director) VALUES (45, 12);
INSERT INTO Flutters.REALIZED (id_movie, id_director) VALUES (46, 20);
INSERT INTO Flutters.REALIZED (id_movie, id_director) VALUES (47, 11);
INSERT INTO Flutters.REALIZED (id_movie, id_director) VALUES (47, 18);
INSERT INTO Flutters.REALIZED (id_movie, id_director) VALUES (48, 5);
INSERT INTO Flutters.REALIZED (id_movie, id_director) VALUES (49, 14);
INSERT INTO Flutters.REALIZED (id_movie, id_director) VALUES (49, 23);
INSERT INTO Flutters.REALIZED (id_movie, id_director) VALUES (50, 11);
INSERT INTO Flutters.REALIZED (id_movie, id_director) VALUES (51, 14);
INSERT INTO Flutters.REALIZED (id_movie, id_director) VALUES (51, 20);
INSERT INTO Flutters.REALIZED (id_movie, id_director) VALUES (52, 4);
INSERT INTO Flutters.REALIZED (id_movie, id_director) VALUES (53, 5);
INSERT INTO Flutters.REALIZED (id_movie, id_director) VALUES (53, 16);
INSERT INTO Flutters.REALIZED (id_movie, id_director) VALUES (54, 4);
INSERT INTO Flutters.REALIZED (id_movie, id_director) VALUES (54, 5);
INSERT INTO Flutters.REALIZED (id_movie, id_director) VALUES (55, 4);
INSERT INTO Flutters.REALIZED (id_movie, id_director) VALUES (55, 6);
INSERT INTO Flutters.REALIZED (id_movie, id_director) VALUES (56, 3);
INSERT INTO Flutters.REALIZED (id_movie, id_director) VALUES (56, 20);
INSERT INTO Flutters.REALIZED (id_movie, id_director) VALUES (57, 21);
INSERT INTO Flutters.REALIZED (id_movie, id_director) VALUES (58, 11);
INSERT INTO Flutters.REALIZED (id_movie, id_director) VALUES (59, 9);

INSERT INTO Flutters.PLAYED (id_movie, id_actor) VALUES (5, 2);
INSERT INTO Flutters.PLAYED (id_movie, id_actor) VALUES (5, 3);
INSERT INTO Flutters.PLAYED (id_movie, id_actor) VALUES (5, 4);
INSERT INTO Flutters.PLAYED (id_movie, id_actor) VALUES (6, 5);
INSERT INTO Flutters.PLAYED (id_movie, id_actor) VALUES (6, 6);
INSERT INTO Flutters.PLAYED (id_movie, id_actor) VALUES (6, 7);
INSERT INTO Flutters.PLAYED (id_movie, id_actor) VALUES (6, 8);
INSERT INTO Flutters.PLAYED (id_movie, id_actor) VALUES (7, 2);
INSERT INTO Flutters.PLAYED (id_movie, id_actor) VALUES (7, 3);
INSERT INTO Flutters.PLAYED (id_movie, id_actor) VALUES (7, 9);
INSERT INTO Flutters.PLAYED (id_movie, id_actor) VALUES (8, 3);
INSERT INTO Flutters.PLAYED (id_movie, id_actor) VALUES (8, 7);
INSERT INTO Flutters.PLAYED (id_movie, id_actor) VALUES (9, 2);
INSERT INTO Flutters.PLAYED (id_movie, id_actor) VALUES (9, 5);
INSERT INTO Flutters.PLAYED (id_movie, id_actor) VALUES (12, 2);
INSERT INTO Flutters.PLAYED (id_movie, id_actor) VALUES (12, 13);
INSERT INTO Flutters.PLAYED (id_movie, id_actor) VALUES (13, 4);
INSERT INTO Flutters.PLAYED (id_movie, id_actor) VALUES (13, 16);
INSERT INTO Flutters.PLAYED (id_movie, id_actor) VALUES (14, 3);
INSERT INTO Flutters.PLAYED (id_movie, id_actor) VALUES (14, 14);
INSERT INTO Flutters.PLAYED (id_movie, id_actor) VALUES (15, 7);
INSERT INTO Flutters.PLAYED (id_movie, id_actor) VALUES (15, 12);
INSERT INTO Flutters.PLAYED (id_movie, id_actor) VALUES (15, 16);
INSERT INTO Flutters.PLAYED (id_movie, id_actor) VALUES (16, 2);
INSERT INTO Flutters.PLAYED (id_movie, id_actor) VALUES (16, 3);
INSERT INTO Flutters.PLAYED (id_movie, id_actor) VALUES (17, 6);
INSERT INTO Flutters.PLAYED (id_movie, id_actor) VALUES (17, 10);
INSERT INTO Flutters.PLAYED (id_movie, id_actor) VALUES (17, 14);
INSERT INTO Flutters.PLAYED (id_movie, id_actor) VALUES (18, 4);
INSERT INTO Flutters.PLAYED (id_movie, id_actor) VALUES (18, 12);
INSERT INTO Flutters.PLAYED (id_movie, id_actor) VALUES (19, 10);
INSERT INTO Flutters.PLAYED (id_movie, id_actor) VALUES (20, 2);
INSERT INTO Flutters.PLAYED (id_movie, id_actor) VALUES (20, 3);
INSERT INTO Flutters.PLAYED (id_movie, id_actor) VALUES (20, 12);
INSERT INTO Flutters.PLAYED (id_movie, id_actor) VALUES (21, 11);
INSERT INTO Flutters.PLAYED (id_movie, id_actor) VALUES (21, 12);
INSERT INTO Flutters.PLAYED (id_movie, id_actor) VALUES (22, 1);
INSERT INTO Flutters.PLAYED (id_movie, id_actor) VALUES (22, 4);
INSERT INTO Flutters.PLAYED (id_movie, id_actor) VALUES (23, 1);
INSERT INTO Flutters.PLAYED (id_movie, id_actor) VALUES (24, 3);
INSERT INTO Flutters.PLAYED (id_movie, id_actor) VALUES (24, 10);
INSERT INTO Flutters.PLAYED (id_movie, id_actor) VALUES (24, 11);
INSERT INTO Flutters.PLAYED (id_movie, id_actor) VALUES (25, 12);
INSERT INTO Flutters.PLAYED (id_movie, id_actor) VALUES (25, 17);
INSERT INTO Flutters.PLAYED (id_movie, id_actor) VALUES (26, 5);
INSERT INTO Flutters.PLAYED (id_movie, id_actor) VALUES (26, 9);
INSERT INTO Flutters.PLAYED (id_movie, id_actor) VALUES (26, 12);
INSERT INTO Flutters.PLAYED (id_movie, id_actor) VALUES (27, 10);
INSERT INTO Flutters.PLAYED (id_movie, id_actor) VALUES (27, 12);
INSERT INTO Flutters.PLAYED (id_movie, id_actor) VALUES (28, 1);
INSERT INTO Flutters.PLAYED (id_movie, id_actor) VALUES (28, 14);
INSERT INTO Flutters.PLAYED (id_movie, id_actor) VALUES (28, 17);
INSERT INTO Flutters.PLAYED (id_movie, id_actor) VALUES (29, 13);
INSERT INTO Flutters.PLAYED (id_movie, id_actor) VALUES (29, 16);
INSERT INTO Flutters.PLAYED (id_movie, id_actor) VALUES (30, 2);
INSERT INTO Flutters.PLAYED (id_movie, id_actor) VALUES (30, 7);
INSERT INTO Flutters.PLAYED (id_movie, id_actor) VALUES (30, 8);
INSERT INTO Flutters.PLAYED (id_movie, id_actor) VALUES (31, 1);
INSERT INTO Flutters.PLAYED (id_movie, id_actor) VALUES (31, 14);
INSERT INTO Flutters.PLAYED (id_movie, id_actor) VALUES (32, 1);
INSERT INTO Flutters.PLAYED (id_movie, id_actor) VALUES (32, 6);
INSERT INTO Flutters.PLAYED (id_movie, id_actor) VALUES (33, 6);
INSERT INTO Flutters.PLAYED (id_movie, id_actor) VALUES (33, 16);
INSERT INTO Flutters.PLAYED (id_movie, id_actor) VALUES (34, 6);
INSERT INTO Flutters.PLAYED (id_movie, id_actor) VALUES (34, 15);
INSERT INTO Flutters.PLAYED (id_movie, id_actor) VALUES (34, 18);
INSERT INTO Flutters.PLAYED (id_movie, id_actor) VALUES (35, 4);
INSERT INTO Flutters.PLAYED (id_movie, id_actor) VALUES (35, 16);
INSERT INTO Flutters.PLAYED (id_movie, id_actor) VALUES (36, 1);
INSERT INTO Flutters.PLAYED (id_movie, id_actor) VALUES (36, 8);
INSERT INTO Flutters.PLAYED (id_movie, id_actor) VALUES (38, 16);
INSERT INTO Flutters.PLAYED (id_movie, id_actor) VALUES (39, 2);
INSERT INTO Flutters.PLAYED (id_movie, id_actor) VALUES (39, 13);
INSERT INTO Flutters.PLAYED (id_movie, id_actor) VALUES (40, 1);
INSERT INTO Flutters.PLAYED (id_movie, id_actor) VALUES (40, 12);
INSERT INTO Flutters.PLAYED (id_movie, id_actor) VALUES (40, 17);
INSERT INTO Flutters.PLAYED (id_movie, id_actor) VALUES (41, 9);
INSERT INTO Flutters.PLAYED (id_movie, id_actor) VALUES (41, 11);
INSERT INTO Flutters.PLAYED (id_movie, id_actor) VALUES (41, 18);
INSERT INTO Flutters.PLAYED (id_movie, id_actor) VALUES (42, 12);
INSERT INTO Flutters.PLAYED (id_movie, id_actor) VALUES (42, 17);
INSERT INTO Flutters.PLAYED (id_movie, id_actor) VALUES (44, 12);
INSERT INTO Flutters.PLAYED (id_movie, id_actor) VALUES (45, 1);
INSERT INTO Flutters.PLAYED (id_movie, id_actor) VALUES (45, 6);
INSERT INTO Flutters.PLAYED (id_movie, id_actor) VALUES (45, 13);
INSERT INTO Flutters.PLAYED (id_movie, id_actor) VALUES (46, 12);
INSERT INTO Flutters.PLAYED (id_movie, id_actor) VALUES (46, 17);
INSERT INTO Flutters.PLAYED (id_movie, id_actor) VALUES (47, 7);
INSERT INTO Flutters.PLAYED (id_movie, id_actor) VALUES (47, 14);
INSERT INTO Flutters.PLAYED (id_movie, id_actor) VALUES (47, 15);
INSERT INTO Flutters.PLAYED (id_movie, id_actor) VALUES (48, 2);
INSERT INTO Flutters.PLAYED (id_movie, id_actor) VALUES (48, 5);
INSERT INTO Flutters.PLAYED (id_movie, id_actor) VALUES (48, 9);
INSERT INTO Flutters.PLAYED (id_movie, id_actor) VALUES (49, 4);
INSERT INTO Flutters.PLAYED (id_movie, id_actor) VALUES (49, 13);
INSERT INTO Flutters.PLAYED (id_movie, id_actor) VALUES (50, 1);
INSERT INTO Flutters.PLAYED (id_movie, id_actor) VALUES (50, 13);
INSERT INTO Flutters.PLAYED (id_movie, id_actor) VALUES (51, 17);
INSERT INTO Flutters.PLAYED (id_movie, id_actor) VALUES (52, 14);
INSERT INTO Flutters.PLAYED (id_movie, id_actor) VALUES (53, 6);
INSERT INTO Flutters.PLAYED (id_movie, id_actor) VALUES (53, 16);
INSERT INTO Flutters.PLAYED (id_movie, id_actor) VALUES (54, 12);
INSERT INTO Flutters.PLAYED (id_movie, id_actor) VALUES (54, 17);
INSERT INTO Flutters.PLAYED (id_movie, id_actor) VALUES (55, 10);
INSERT INTO Flutters.PLAYED (id_movie, id_actor) VALUES (55, 11);
INSERT INTO Flutters.PLAYED (id_movie, id_actor) VALUES (56, 1);
INSERT INTO Flutters.PLAYED (id_movie, id_actor) VALUES (56, 10);
INSERT INTO Flutters.PLAYED (id_movie, id_actor) VALUES (57, 6);
INSERT INTO Flutters.PLAYED (id_movie, id_actor) VALUES (57, 13);
INSERT INTO Flutters.PLAYED (id_movie, id_actor) VALUES (58, 1);
INSERT INTO Flutters.PLAYED (id_movie, id_actor) VALUES (58, 10);
INSERT INTO Flutters.PLAYED (id_movie, id_actor) VALUES (59, 1);
INSERT INTO Flutters.PLAYED (id_movie, id_actor) VALUES (59, 9);

INSERT INTO Flutters.TAKE_PLACE (id_session, id_movie) VALUES (624, 56);
INSERT INTO Flutters.TAKE_PLACE (id_session, id_movie) VALUES (625, 56);
INSERT INTO Flutters.TAKE_PLACE (id_session, id_movie) VALUES (626, 56);
INSERT INTO Flutters.TAKE_PLACE (id_session, id_movie) VALUES (627, 56);
INSERT INTO Flutters.TAKE_PLACE (id_session, id_movie) VALUES (628, 56);
INSERT INTO Flutters.TAKE_PLACE (id_session, id_movie) VALUES (629, 56);
INSERT INTO Flutters.TAKE_PLACE (id_session, id_movie) VALUES (630, 56);
INSERT INTO Flutters.TAKE_PLACE (id_session, id_movie) VALUES (631, 56);
INSERT INTO Flutters.TAKE_PLACE (id_session, id_movie) VALUES (632, 56);
INSERT INTO Flutters.TAKE_PLACE (id_session, id_movie) VALUES (633, 56);
INSERT INTO Flutters.TAKE_PLACE (id_session, id_movie) VALUES (634, 56);
INSERT INTO Flutters.TAKE_PLACE (id_session, id_movie) VALUES (635, 56);
INSERT INTO Flutters.TAKE_PLACE (id_session, id_movie) VALUES (636, 56);
INSERT INTO Flutters.TAKE_PLACE (id_session, id_movie) VALUES (637, 56);
INSERT INTO Flutters.TAKE_PLACE (id_session, id_movie) VALUES (638, 56);
INSERT INTO Flutters.TAKE_PLACE (id_session, id_movie) VALUES (639, 56);
INSERT INTO Flutters.TAKE_PLACE (id_session, id_movie) VALUES (640, 56);
INSERT INTO Flutters.TAKE_PLACE (id_session, id_movie) VALUES (641, 56);
INSERT INTO Flutters.TAKE_PLACE (id_session, id_movie) VALUES (642, 56);
INSERT INTO Flutters.TAKE_PLACE (id_session, id_movie) VALUES (643, 56);
INSERT INTO Flutters.TAKE_PLACE (id_session, id_movie) VALUES (644, 56);
INSERT INTO Flutters.TAKE_PLACE (id_session, id_movie) VALUES (645, 56);
INSERT INTO Flutters.TAKE_PLACE (id_session, id_movie) VALUES (646, 56);
INSERT INTO Flutters.TAKE_PLACE (id_session, id_movie) VALUES (647, 56);
INSERT INTO Flutters.TAKE_PLACE (id_session, id_movie) VALUES (648, 56);
INSERT INTO Flutters.TAKE_PLACE (id_session, id_movie) VALUES (649, 56);
INSERT INTO Flutters.TAKE_PLACE (id_session, id_movie) VALUES (650, 56);
INSERT INTO Flutters.TAKE_PLACE (id_session, id_movie) VALUES (651, 56);
INSERT INTO Flutters.TAKE_PLACE (id_session, id_movie) VALUES (652, 56);
INSERT INTO Flutters.TAKE_PLACE (id_session, id_movie) VALUES (653, 56);
INSERT INTO Flutters.TAKE_PLACE (id_session, id_movie) VALUES (654, 56);
INSERT INTO Flutters.TAKE_PLACE (id_session, id_movie) VALUES (655, 56);
INSERT INTO Flutters.TAKE_PLACE (id_session, id_movie) VALUES (656, 56);
INSERT INTO Flutters.TAKE_PLACE (id_session, id_movie) VALUES (657, 56);
INSERT INTO Flutters.TAKE_PLACE (id_session, id_movie) VALUES (658, 56);
INSERT INTO Flutters.TAKE_PLACE (id_session, id_movie) VALUES (659, 56);
INSERT INTO Flutters.TAKE_PLACE (id_session, id_movie) VALUES (660, 53);
INSERT INTO Flutters.TAKE_PLACE (id_session, id_movie) VALUES (661, 53);
INSERT INTO Flutters.TAKE_PLACE (id_session, id_movie) VALUES (662, 53);
INSERT INTO Flutters.TAKE_PLACE (id_session, id_movie) VALUES (663, 53);
INSERT INTO Flutters.TAKE_PLACE (id_session, id_movie) VALUES (664, 53);
INSERT INTO Flutters.TAKE_PLACE (id_session, id_movie) VALUES (665, 53);
INSERT INTO Flutters.TAKE_PLACE (id_session, id_movie) VALUES (666, 53);
INSERT INTO Flutters.TAKE_PLACE (id_session, id_movie) VALUES (667, 53);
INSERT INTO Flutters.TAKE_PLACE (id_session, id_movie) VALUES (668, 53);
INSERT INTO Flutters.TAKE_PLACE (id_session, id_movie) VALUES (669, 53);
INSERT INTO Flutters.TAKE_PLACE (id_session, id_movie) VALUES (670, 53);
INSERT INTO Flutters.TAKE_PLACE (id_session, id_movie) VALUES (671, 53);
INSERT INTO Flutters.TAKE_PLACE (id_session, id_movie) VALUES (672, 53);
INSERT INTO Flutters.TAKE_PLACE (id_session, id_movie) VALUES (673, 53);
INSERT INTO Flutters.TAKE_PLACE (id_session, id_movie) VALUES (674, 53);
INSERT INTO Flutters.TAKE_PLACE (id_session, id_movie) VALUES (675, 53);
INSERT INTO Flutters.TAKE_PLACE (id_session, id_movie) VALUES (676, 53);
INSERT INTO Flutters.TAKE_PLACE (id_session, id_movie) VALUES (677, 53);
INSERT INTO Flutters.TAKE_PLACE (id_session, id_movie) VALUES (678, 53);
INSERT INTO Flutters.TAKE_PLACE (id_session, id_movie) VALUES (679, 53);
INSERT INTO Flutters.TAKE_PLACE (id_session, id_movie) VALUES (680, 53);
INSERT INTO Flutters.TAKE_PLACE (id_session, id_movie) VALUES (681, 53);
INSERT INTO Flutters.TAKE_PLACE (id_session, id_movie) VALUES (682, 53);
INSERT INTO Flutters.TAKE_PLACE (id_session, id_movie) VALUES (683, 53);
INSERT INTO Flutters.TAKE_PLACE (id_session, id_movie) VALUES (684, 53);
INSERT INTO Flutters.TAKE_PLACE (id_session, id_movie) VALUES (685, 53);
INSERT INTO Flutters.TAKE_PLACE (id_session, id_movie) VALUES (686, 53);
INSERT INTO Flutters.TAKE_PLACE (id_session, id_movie) VALUES (687, 53);
INSERT INTO Flutters.TAKE_PLACE (id_session, id_movie) VALUES (688, 53);
INSERT INTO Flutters.TAKE_PLACE (id_session, id_movie) VALUES (689, 53);
INSERT INTO Flutters.TAKE_PLACE (id_session, id_movie) VALUES (690, 53);
INSERT INTO Flutters.TAKE_PLACE (id_session, id_movie) VALUES (691, 53);
INSERT INTO Flutters.TAKE_PLACE (id_session, id_movie) VALUES (692, 53);
INSERT INTO Flutters.TAKE_PLACE (id_session, id_movie) VALUES (693, 53);
INSERT INTO Flutters.TAKE_PLACE (id_session, id_movie) VALUES (694, 53);
INSERT INTO Flutters.TAKE_PLACE (id_session, id_movie) VALUES (695, 53);
INSERT INTO Flutters.TAKE_PLACE (id_session, id_movie) VALUES (696, 18);
INSERT INTO Flutters.TAKE_PLACE (id_session, id_movie) VALUES (697, 18);
INSERT INTO Flutters.TAKE_PLACE (id_session, id_movie) VALUES (698, 18);
INSERT INTO Flutters.TAKE_PLACE (id_session, id_movie) VALUES (699, 18);
INSERT INTO Flutters.TAKE_PLACE (id_session, id_movie) VALUES (700, 18);
INSERT INTO Flutters.TAKE_PLACE (id_session, id_movie) VALUES (701, 18);
INSERT INTO Flutters.TAKE_PLACE (id_session, id_movie) VALUES (702, 18);
INSERT INTO Flutters.TAKE_PLACE (id_session, id_movie) VALUES (703, 18);
INSERT INTO Flutters.TAKE_PLACE (id_session, id_movie) VALUES (704, 18);
INSERT INTO Flutters.TAKE_PLACE (id_session, id_movie) VALUES (705, 18);
INSERT INTO Flutters.TAKE_PLACE (id_session, id_movie) VALUES (706, 18);
INSERT INTO Flutters.TAKE_PLACE (id_session, id_movie) VALUES (707, 18);
INSERT INTO Flutters.TAKE_PLACE (id_session, id_movie) VALUES (708, 18);
INSERT INTO Flutters.TAKE_PLACE (id_session, id_movie) VALUES (709, 18);
INSERT INTO Flutters.TAKE_PLACE (id_session, id_movie) VALUES (710, 18);
INSERT INTO Flutters.TAKE_PLACE (id_session, id_movie) VALUES (711, 18);
INSERT INTO Flutters.TAKE_PLACE (id_session, id_movie) VALUES (712, 18);
INSERT INTO Flutters.TAKE_PLACE (id_session, id_movie) VALUES (713, 18);
INSERT INTO Flutters.TAKE_PLACE (id_session, id_movie) VALUES (714, 18);
INSERT INTO Flutters.TAKE_PLACE (id_session, id_movie) VALUES (715, 18);
INSERT INTO Flutters.TAKE_PLACE (id_session, id_movie) VALUES (716, 18);
INSERT INTO Flutters.TAKE_PLACE (id_session, id_movie) VALUES (717, 18);
INSERT INTO Flutters.TAKE_PLACE (id_session, id_movie) VALUES (718, 18);
INSERT INTO Flutters.TAKE_PLACE (id_session, id_movie) VALUES (719, 18);
INSERT INTO Flutters.TAKE_PLACE (id_session, id_movie) VALUES (720, 18);
INSERT INTO Flutters.TAKE_PLACE (id_session, id_movie) VALUES (721, 18);
INSERT INTO Flutters.TAKE_PLACE (id_session, id_movie) VALUES (722, 18);
INSERT INTO Flutters.TAKE_PLACE (id_session, id_movie) VALUES (723, 18);
INSERT INTO Flutters.TAKE_PLACE (id_session, id_movie) VALUES (724, 18);
INSERT INTO Flutters.TAKE_PLACE (id_session, id_movie) VALUES (725, 18);
INSERT INTO Flutters.TAKE_PLACE (id_session, id_movie) VALUES (726, 18);
INSERT INTO Flutters.TAKE_PLACE (id_session, id_movie) VALUES (727, 18);
INSERT INTO Flutters.TAKE_PLACE (id_session, id_movie) VALUES (728, 18);
INSERT INTO Flutters.TAKE_PLACE (id_session, id_movie) VALUES (729, 18);
INSERT INTO Flutters.TAKE_PLACE (id_session, id_movie) VALUES (730, 18);
INSERT INTO Flutters.TAKE_PLACE (id_session, id_movie) VALUES (731, 18);
INSERT INTO Flutters.TAKE_PLACE (id_session, id_movie) VALUES (732, 30);
INSERT INTO Flutters.TAKE_PLACE (id_session, id_movie) VALUES (733, 30);
INSERT INTO Flutters.TAKE_PLACE (id_session, id_movie) VALUES (734, 30);
INSERT INTO Flutters.TAKE_PLACE (id_session, id_movie) VALUES (735, 30);
INSERT INTO Flutters.TAKE_PLACE (id_session, id_movie) VALUES (736, 30);
INSERT INTO Flutters.TAKE_PLACE (id_session, id_movie) VALUES (737, 30);
INSERT INTO Flutters.TAKE_PLACE (id_session, id_movie) VALUES (738, 30);
INSERT INTO Flutters.TAKE_PLACE (id_session, id_movie) VALUES (739, 30);
INSERT INTO Flutters.TAKE_PLACE (id_session, id_movie) VALUES (740, 30);
INSERT INTO Flutters.TAKE_PLACE (id_session, id_movie) VALUES (741, 30);
INSERT INTO Flutters.TAKE_PLACE (id_session, id_movie) VALUES (742, 30);
INSERT INTO Flutters.TAKE_PLACE (id_session, id_movie) VALUES (743, 30);
INSERT INTO Flutters.TAKE_PLACE (id_session, id_movie) VALUES (744, 30);
INSERT INTO Flutters.TAKE_PLACE (id_session, id_movie) VALUES (745, 30);
INSERT INTO Flutters.TAKE_PLACE (id_session, id_movie) VALUES (746, 30);
INSERT INTO Flutters.TAKE_PLACE (id_session, id_movie) VALUES (747, 30);
INSERT INTO Flutters.TAKE_PLACE (id_session, id_movie) VALUES (748, 30);
INSERT INTO Flutters.TAKE_PLACE (id_session, id_movie) VALUES (749, 30);
INSERT INTO Flutters.TAKE_PLACE (id_session, id_movie) VALUES (750, 30);
INSERT INTO Flutters.TAKE_PLACE (id_session, id_movie) VALUES (751, 30);
INSERT INTO Flutters.TAKE_PLACE (id_session, id_movie) VALUES (752, 30);
INSERT INTO Flutters.TAKE_PLACE (id_session, id_movie) VALUES (753, 30);
INSERT INTO Flutters.TAKE_PLACE (id_session, id_movie) VALUES (754, 30);
INSERT INTO Flutters.TAKE_PLACE (id_session, id_movie) VALUES (755, 30);
INSERT INTO Flutters.TAKE_PLACE (id_session, id_movie) VALUES (756, 30);
INSERT INTO Flutters.TAKE_PLACE (id_session, id_movie) VALUES (757, 30);
INSERT INTO Flutters.TAKE_PLACE (id_session, id_movie) VALUES (758, 30);
INSERT INTO Flutters.TAKE_PLACE (id_session, id_movie) VALUES (759, 30);
INSERT INTO Flutters.TAKE_PLACE (id_session, id_movie) VALUES (760, 30);
INSERT INTO Flutters.TAKE_PLACE (id_session, id_movie) VALUES (761, 30);
INSERT INTO Flutters.TAKE_PLACE (id_session, id_movie) VALUES (762, 30);
INSERT INTO Flutters.TAKE_PLACE (id_session, id_movie) VALUES (763, 30);
INSERT INTO Flutters.TAKE_PLACE (id_session, id_movie) VALUES (764, 30);
INSERT INTO Flutters.TAKE_PLACE (id_session, id_movie) VALUES (765, 30);
INSERT INTO Flutters.TAKE_PLACE (id_session, id_movie) VALUES (766, 30);
INSERT INTO Flutters.TAKE_PLACE (id_session, id_movie) VALUES (767, 30);
INSERT INTO Flutters.TAKE_PLACE (id_session, id_movie) VALUES (768, 52);
INSERT INTO Flutters.TAKE_PLACE (id_session, id_movie) VALUES (769, 52);
INSERT INTO Flutters.TAKE_PLACE (id_session, id_movie) VALUES (770, 52);
INSERT INTO Flutters.TAKE_PLACE (id_session, id_movie) VALUES (771, 52);
INSERT INTO Flutters.TAKE_PLACE (id_session, id_movie) VALUES (772, 52);
INSERT INTO Flutters.TAKE_PLACE (id_session, id_movie) VALUES (773, 52);
INSERT INTO Flutters.TAKE_PLACE (id_session, id_movie) VALUES (774, 52);
INSERT INTO Flutters.TAKE_PLACE (id_session, id_movie) VALUES (775, 52);
INSERT INTO Flutters.TAKE_PLACE (id_session, id_movie) VALUES (776, 52);
INSERT INTO Flutters.TAKE_PLACE (id_session, id_movie) VALUES (777, 52);
INSERT INTO Flutters.TAKE_PLACE (id_session, id_movie) VALUES (778, 52);
INSERT INTO Flutters.TAKE_PLACE (id_session, id_movie) VALUES (779, 52);
INSERT INTO Flutters.TAKE_PLACE (id_session, id_movie) VALUES (780, 52);
INSERT INTO Flutters.TAKE_PLACE (id_session, id_movie) VALUES (781, 52);
INSERT INTO Flutters.TAKE_PLACE (id_session, id_movie) VALUES (782, 52);
INSERT INTO Flutters.TAKE_PLACE (id_session, id_movie) VALUES (783, 52);
INSERT INTO Flutters.TAKE_PLACE (id_session, id_movie) VALUES (784, 52);
INSERT INTO Flutters.TAKE_PLACE (id_session, id_movie) VALUES (785, 52);
INSERT INTO Flutters.TAKE_PLACE (id_session, id_movie) VALUES (786, 52);
INSERT INTO Flutters.TAKE_PLACE (id_session, id_movie) VALUES (787, 52);
INSERT INTO Flutters.TAKE_PLACE (id_session, id_movie) VALUES (788, 52);
INSERT INTO Flutters.TAKE_PLACE (id_session, id_movie) VALUES (789, 52);
INSERT INTO Flutters.TAKE_PLACE (id_session, id_movie) VALUES (790, 52);
INSERT INTO Flutters.TAKE_PLACE (id_session, id_movie) VALUES (791, 52);
INSERT INTO Flutters.TAKE_PLACE (id_session, id_movie) VALUES (792, 52);
INSERT INTO Flutters.TAKE_PLACE (id_session, id_movie) VALUES (793, 52);
INSERT INTO Flutters.TAKE_PLACE (id_session, id_movie) VALUES (794, 52);
INSERT INTO Flutters.TAKE_PLACE (id_session, id_movie) VALUES (795, 52);
INSERT INTO Flutters.TAKE_PLACE (id_session, id_movie) VALUES (796, 52);
INSERT INTO Flutters.TAKE_PLACE (id_session, id_movie) VALUES (797, 52);
INSERT INTO Flutters.TAKE_PLACE (id_session, id_movie) VALUES (798, 52);
INSERT INTO Flutters.TAKE_PLACE (id_session, id_movie) VALUES (799, 52);
INSERT INTO Flutters.TAKE_PLACE (id_session, id_movie) VALUES (800, 52);
INSERT INTO Flutters.TAKE_PLACE (id_session, id_movie) VALUES (801, 52);
INSERT INTO Flutters.TAKE_PLACE (id_session, id_movie) VALUES (802, 52);
INSERT INTO Flutters.TAKE_PLACE (id_session, id_movie) VALUES (803, 52);
INSERT INTO Flutters.TAKE_PLACE (id_session, id_movie) VALUES (804, 46);
INSERT INTO Flutters.TAKE_PLACE (id_session, id_movie) VALUES (805, 46);
INSERT INTO Flutters.TAKE_PLACE (id_session, id_movie) VALUES (806, 46);
INSERT INTO Flutters.TAKE_PLACE (id_session, id_movie) VALUES (807, 46);
INSERT INTO Flutters.TAKE_PLACE (id_session, id_movie) VALUES (808, 46);
INSERT INTO Flutters.TAKE_PLACE (id_session, id_movie) VALUES (809, 46);
INSERT INTO Flutters.TAKE_PLACE (id_session, id_movie) VALUES (810, 46);
INSERT INTO Flutters.TAKE_PLACE (id_session, id_movie) VALUES (811, 46);
INSERT INTO Flutters.TAKE_PLACE (id_session, id_movie) VALUES (812, 46);
INSERT INTO Flutters.TAKE_PLACE (id_session, id_movie) VALUES (813, 46);
INSERT INTO Flutters.TAKE_PLACE (id_session, id_movie) VALUES (814, 46);
INSERT INTO Flutters.TAKE_PLACE (id_session, id_movie) VALUES (815, 46);
INSERT INTO Flutters.TAKE_PLACE (id_session, id_movie) VALUES (816, 46);
INSERT INTO Flutters.TAKE_PLACE (id_session, id_movie) VALUES (817, 46);
INSERT INTO Flutters.TAKE_PLACE (id_session, id_movie) VALUES (818, 46);
INSERT INTO Flutters.TAKE_PLACE (id_session, id_movie) VALUES (819, 46);
INSERT INTO Flutters.TAKE_PLACE (id_session, id_movie) VALUES (820, 46);
INSERT INTO Flutters.TAKE_PLACE (id_session, id_movie) VALUES (821, 46);
INSERT INTO Flutters.TAKE_PLACE (id_session, id_movie) VALUES (822, 46);
INSERT INTO Flutters.TAKE_PLACE (id_session, id_movie) VALUES (823, 46);
INSERT INTO Flutters.TAKE_PLACE (id_session, id_movie) VALUES (824, 46);
INSERT INTO Flutters.TAKE_PLACE (id_session, id_movie) VALUES (825, 46);
INSERT INTO Flutters.TAKE_PLACE (id_session, id_movie) VALUES (826, 46);
INSERT INTO Flutters.TAKE_PLACE (id_session, id_movie) VALUES (827, 46);
INSERT INTO Flutters.TAKE_PLACE (id_session, id_movie) VALUES (828, 46);
INSERT INTO Flutters.TAKE_PLACE (id_session, id_movie) VALUES (829, 46);
INSERT INTO Flutters.TAKE_PLACE (id_session, id_movie) VALUES (830, 46);
INSERT INTO Flutters.TAKE_PLACE (id_session, id_movie) VALUES (831, 46);
INSERT INTO Flutters.TAKE_PLACE (id_session, id_movie) VALUES (832, 46);
INSERT INTO Flutters.TAKE_PLACE (id_session, id_movie) VALUES (833, 46);
INSERT INTO Flutters.TAKE_PLACE (id_session, id_movie) VALUES (834, 46);
INSERT INTO Flutters.TAKE_PLACE (id_session, id_movie) VALUES (835, 46);
INSERT INTO Flutters.TAKE_PLACE (id_session, id_movie) VALUES (836, 46);
INSERT INTO Flutters.TAKE_PLACE (id_session, id_movie) VALUES (837, 46);
INSERT INTO Flutters.TAKE_PLACE (id_session, id_movie) VALUES (838, 46);
INSERT INTO Flutters.TAKE_PLACE (id_session, id_movie) VALUES (839, 46);
INSERT INTO Flutters.TAKE_PLACE (id_session, id_movie) VALUES (840, 48);
INSERT INTO Flutters.TAKE_PLACE (id_session, id_movie) VALUES (841, 48);
INSERT INTO Flutters.TAKE_PLACE (id_session, id_movie) VALUES (842, 48);
INSERT INTO Flutters.TAKE_PLACE (id_session, id_movie) VALUES (843, 48);
INSERT INTO Flutters.TAKE_PLACE (id_session, id_movie) VALUES (844, 48);
INSERT INTO Flutters.TAKE_PLACE (id_session, id_movie) VALUES (845, 48);
INSERT INTO Flutters.TAKE_PLACE (id_session, id_movie) VALUES (846, 48);
INSERT INTO Flutters.TAKE_PLACE (id_session, id_movie) VALUES (847, 48);
INSERT INTO Flutters.TAKE_PLACE (id_session, id_movie) VALUES (848, 48);
INSERT INTO Flutters.TAKE_PLACE (id_session, id_movie) VALUES (849, 48);
INSERT INTO Flutters.TAKE_PLACE (id_session, id_movie) VALUES (850, 48);
INSERT INTO Flutters.TAKE_PLACE (id_session, id_movie) VALUES (851, 48);
INSERT INTO Flutters.TAKE_PLACE (id_session, id_movie) VALUES (852, 48);
INSERT INTO Flutters.TAKE_PLACE (id_session, id_movie) VALUES (853, 48);
INSERT INTO Flutters.TAKE_PLACE (id_session, id_movie) VALUES (854, 48);
INSERT INTO Flutters.TAKE_PLACE (id_session, id_movie) VALUES (855, 48);
INSERT INTO Flutters.TAKE_PLACE (id_session, id_movie) VALUES (856, 48);
INSERT INTO Flutters.TAKE_PLACE (id_session, id_movie) VALUES (857, 48);
INSERT INTO Flutters.TAKE_PLACE (id_session, id_movie) VALUES (858, 48);
INSERT INTO Flutters.TAKE_PLACE (id_session, id_movie) VALUES (859, 48);
INSERT INTO Flutters.TAKE_PLACE (id_session, id_movie) VALUES (860, 48);
INSERT INTO Flutters.TAKE_PLACE (id_session, id_movie) VALUES (861, 48);
INSERT INTO Flutters.TAKE_PLACE (id_session, id_movie) VALUES (862, 48);
INSERT INTO Flutters.TAKE_PLACE (id_session, id_movie) VALUES (863, 48);
INSERT INTO Flutters.TAKE_PLACE (id_session, id_movie) VALUES (864, 48);
INSERT INTO Flutters.TAKE_PLACE (id_session, id_movie) VALUES (865, 48);
INSERT INTO Flutters.TAKE_PLACE (id_session, id_movie) VALUES (866, 48);
INSERT INTO Flutters.TAKE_PLACE (id_session, id_movie) VALUES (867, 48);
INSERT INTO Flutters.TAKE_PLACE (id_session, id_movie) VALUES (868, 48);
INSERT INTO Flutters.TAKE_PLACE (id_session, id_movie) VALUES (869, 48);
INSERT INTO Flutters.TAKE_PLACE (id_session, id_movie) VALUES (870, 48);
INSERT INTO Flutters.TAKE_PLACE (id_session, id_movie) VALUES (871, 48);
INSERT INTO Flutters.TAKE_PLACE (id_session, id_movie) VALUES (872, 48);
INSERT INTO Flutters.TAKE_PLACE (id_session, id_movie) VALUES (873, 48);
INSERT INTO Flutters.TAKE_PLACE (id_session, id_movie) VALUES (874, 48);
INSERT INTO Flutters.TAKE_PLACE (id_session, id_movie) VALUES (875, 48);
INSERT INTO Flutters.TAKE_PLACE (id_session, id_movie) VALUES (876, 42);
INSERT INTO Flutters.TAKE_PLACE (id_session, id_movie) VALUES (877, 42);
INSERT INTO Flutters.TAKE_PLACE (id_session, id_movie) VALUES (878, 42);
INSERT INTO Flutters.TAKE_PLACE (id_session, id_movie) VALUES (879, 42);
INSERT INTO Flutters.TAKE_PLACE (id_session, id_movie) VALUES (880, 42);
INSERT INTO Flutters.TAKE_PLACE (id_session, id_movie) VALUES (881, 42);
INSERT INTO Flutters.TAKE_PLACE (id_session, id_movie) VALUES (882, 42);
INSERT INTO Flutters.TAKE_PLACE (id_session, id_movie) VALUES (883, 42);
INSERT INTO Flutters.TAKE_PLACE (id_session, id_movie) VALUES (884, 42);
INSERT INTO Flutters.TAKE_PLACE (id_session, id_movie) VALUES (885, 42);
INSERT INTO Flutters.TAKE_PLACE (id_session, id_movie) VALUES (886, 42);
INSERT INTO Flutters.TAKE_PLACE (id_session, id_movie) VALUES (887, 42);
INSERT INTO Flutters.TAKE_PLACE (id_session, id_movie) VALUES (888, 42);
INSERT INTO Flutters.TAKE_PLACE (id_session, id_movie) VALUES (889, 42);
INSERT INTO Flutters.TAKE_PLACE (id_session, id_movie) VALUES (890, 42);
INSERT INTO Flutters.TAKE_PLACE (id_session, id_movie) VALUES (891, 42);
INSERT INTO Flutters.TAKE_PLACE (id_session, id_movie) VALUES (892, 42);
INSERT INTO Flutters.TAKE_PLACE (id_session, id_movie) VALUES (893, 42);
INSERT INTO Flutters.TAKE_PLACE (id_session, id_movie) VALUES (894, 42);
INSERT INTO Flutters.TAKE_PLACE (id_session, id_movie) VALUES (895, 42);
INSERT INTO Flutters.TAKE_PLACE (id_session, id_movie) VALUES (896, 42);
INSERT INTO Flutters.TAKE_PLACE (id_session, id_movie) VALUES (897, 42);
INSERT INTO Flutters.TAKE_PLACE (id_session, id_movie) VALUES (898, 42);
INSERT INTO Flutters.TAKE_PLACE (id_session, id_movie) VALUES (899, 42);
INSERT INTO Flutters.TAKE_PLACE (id_session, id_movie) VALUES (900, 42);
INSERT INTO Flutters.TAKE_PLACE (id_session, id_movie) VALUES (901, 42);
INSERT INTO Flutters.TAKE_PLACE (id_session, id_movie) VALUES (902, 42);
INSERT INTO Flutters.TAKE_PLACE (id_session, id_movie) VALUES (903, 42);
INSERT INTO Flutters.TAKE_PLACE (id_session, id_movie) VALUES (904, 42);
INSERT INTO Flutters.TAKE_PLACE (id_session, id_movie) VALUES (905, 42);
INSERT INTO Flutters.TAKE_PLACE (id_session, id_movie) VALUES (906, 42);
INSERT INTO Flutters.TAKE_PLACE (id_session, id_movie) VALUES (907, 42);
INSERT INTO Flutters.TAKE_PLACE (id_session, id_movie) VALUES (908, 42);
INSERT INTO Flutters.TAKE_PLACE (id_session, id_movie) VALUES (909, 42);
INSERT INTO Flutters.TAKE_PLACE (id_session, id_movie) VALUES (910, 42);
INSERT INTO Flutters.TAKE_PLACE (id_session, id_movie) VALUES (911, 42);
INSERT INTO Flutters.TAKE_PLACE (id_session, id_movie) VALUES (912, 53);

INSERT INTO Flutters.REVIEW (id_review, description, score, id_movie, id_client, publication_date) VALUES (3, 'Magnifique !', 5, 56, 1, '2023-05-07');
INSERT INTO Flutters.REVIEW (id_review, description, score, id_movie, id_client, publication_date) VALUES (4, 'Super bon film ! C\'est futuriste et bien animé haha.', 4, 18, 1, '2023-05-07');
INSERT INTO Flutters.REVIEW (id_review, description, score, id_movie, id_client, publication_date) VALUES (5, 'Fait honneur au premier film !', 5, 53, 1, '2023-05-07');
INSERT INTO Flutters.REVIEW (id_review, description, score, id_movie, id_client, publication_date) VALUES (6, 'Wakanda Forever !', 4, 30, 1, '2023-05-07');
INSERT INTO Flutters.REVIEW (id_review, description, score, id_movie, id_client, publication_date) VALUES (7, 'ITS ME, MARIO !!!', 5, 46, 1, '2023-05-07');
INSERT INTO Flutters.REVIEW (id_review, description, score, id_movie, id_client, publication_date) VALUES (8, 'Black Panther est un film de super-héros visuellement impressionnant avec une distribution incroyablement talentueuse. Cependant, le scénario peut sembler un peu prévisible et manquer de profondeur pour certains spectateurs.', 3, 30, 4, '2023-05-07');
INSERT INTO Flutters.REVIEW (id_review, description, score, id_movie, id_client, publication_date) VALUES (9, 'CA Chapitre 2 offre une expérience cinématographique divertissante avec des effets visuels impressionnants et des performances convaincantes de la distribution. Cependant, le film peut sembler un peu long et certaines scènes pourraient être considérées comme trop violentes ou dérangeantes pour certains spectateurs.', 4, 56, 4, '2023-05-07');
INSERT INTO Flutters.REVIEW (id_review, description, score, id_movie, id_client, publication_date) VALUES (10, 'Film d\'animation trop cool pour les fans de Sword Art Online ! Les combats sont super intenses, les personnages sont badass et l\'histoire est super captivante. Si t\'as envie d\'un film d\'animation bourré d\'action et de suspens, SAO Ordinal Scale c\'est le kiff total !', 5, 18, 4, '2023-05-07');
INSERT INTO Flutters.REVIEW (id_review, description, score, id_movie, id_client, publication_date) VALUES (12, 'Le film Uncharted manque de profondeur et d\'originalité, et les performances des acteurs laissent à désirer. Bien qu\'il y ait des moments d\'action et de divertissement, l\'intrigue prévisible et les personnages peu développés ne parviennent pas à maintenir l\'intérêt du spectateur tout au long du film.', 1, 48, 4, '2023-05-07');
INSERT INTO Flutters.REVIEW (id_review, description, score, id_movie, id_client, publication_date) VALUES (13, 'Le film est une véritable réussite dans tous les aspects, avec une histoire bien construite, des personnages développés et des scènes d\'action époustouflantes. La direction est excellente et la cinématographie est à couper le souffle, faisant de cette œuvre un must-see pour tous les fans de cinéma.', 5, 54, 4, '2023-05-07');
INSERT INTO Flutters.REVIEW (id_review, description, score, id_movie, id_client, publication_date) VALUES (14, 'Le film est une véritable réussite dans tous les aspects, avec une histoire bien construite, des personnages développés et des scènes d\'action époustouflantes. La direction est excellente et la cinématographie est à couper le souffle, faisant de cette œuvre un must-see pour tous les fans de cinéma.', 5, 24, 4, '2023-05-07');
INSERT INTO Flutters.REVIEW (id_review, description, score, id_movie, id_client, publication_date) VALUES (15, 'Le film est une véritable réussite dans tous les aspects, avec une histoire bien construite, des personnages développés et des scènes d\'action époustouflantes. La direction est excellente et la cinématographie est à couper le souffle, faisant de cette œuvre un must-see pour tous les fans de cinéma.', 5, 29, 4, '2023-05-07');
INSERT INTO Flutters.REVIEW (id_review, description, score, id_movie, id_client, publication_date) VALUES (16, 'Le film est une véritable réussite dans tous les aspects, avec une histoire bien construite, des personnages développés et des scènes d\'action époustouflantes. La direction est excellente et la cinématographie est à couper le souffle, faisant de cette œuvre un must-see pour tous les fans de cinéma.', 4, 57, 4, '2023-05-07');
INSERT INTO Flutters.REVIEW (id_review, description, score, id_movie, id_client, publication_date) VALUES (17, 'Le film est une véritable réussite dans tous les aspects, avec une histoire bien construite, des personnages développés et des scènes d\'action époustouflantes. La direction est excellente et la cinématographie est à couper le souffle, faisant de cette œuvre un must-see pour tous les fans de cinéma.', 5, 42, 4, '2023-05-07');
INSERT INTO Flutters.REVIEW (id_review, description, score, id_movie, id_client, publication_date) VALUES (18, 'Bien que le film ait ses moments de divertissement, il souffre malheureusement d\'une histoire peu convaincante et de personnages mal développés. Néanmoins, la direction et les performances des acteurs sont solides, ce qui en fait une expérience de visionnage acceptable', 3, 46, 4, '2023-05-07');
INSERT INTO Flutters.REVIEW (id_review, description, score, id_movie, id_client, publication_date) VALUES (19, 'Bien que le film ait ses moments de divertissement, il souffre malheureusement d\'une histoire peu convaincante et de personnages mal développés. Néanmoins, la direction et les performances des acteurs sont solides, ce qui en fait une expérience de visionnage acceptable', 3, 52, 4, '2023-05-07');
INSERT INTO Flutters.REVIEW (id_review, description, score, id_movie, id_client, publication_date) VALUES (20, 'Bien que le film ait ses moments de divertissement, il souffre malheureusement d\'une histoire peu convaincante et de personnages mal développés. Néanmoins, la direction et les performances des acteurs sont solides, ce qui en fait une expérience de visionnage acceptable', 3, 45, 4, '2023-05-07');
INSERT INTO Flutters.REVIEW (id_review, description, score, id_movie, id_client, publication_date) VALUES (21, 'Bien que le film ait ses moments de divertissement, il souffre malheureusement d\'une histoire peu convaincante et de personnages mal développés. Néanmoins, la direction et les performances des acteurs sont solides, ce qui en fait une expérience de visionnage acceptable', 3, 34, 4, '2023-05-07');
INSERT INTO Flutters.REVIEW (id_review, description, score, id_movie, id_client, publication_date) VALUES (22, 'Bien que le film ait ses moments de divertissement, il souffre malheureusement d\'une histoire peu convaincante et de personnages mal développés. Néanmoins, la direction et les performances des acteurs sont solides, ce qui en fait une expérience de visionnage acceptable', 3, 7, 4, '2023-05-07');
INSERT INTO Flutters.REVIEW (id_review, description, score, id_movie, id_client, publication_date) VALUES (23, 'Le film manque de profondeur et d\'originalité dans son histoire, et les performances des acteurs ne parviennent pas à sauver l\'ensemble. Bien qu\'il y ait des moments de divertissement, l\'intrigue et les personnages sont mal développés, ce qui rend l\'expérience de visionnage décevante.', 1, 9, 4, '2023-05-07');
INSERT INTO Flutters.REVIEW (id_review, description, score, id_movie, id_client, publication_date) VALUES (24, 'Le film manque de profondeur et d\'originalité dans son histoire, et les performances des acteurs ne parviennent pas à sauver l\'ensemble. Bien qu\'il y ait des moments de divertissement, l\'intrigue et les personnages sont mal développés, ce qui rend l\'expérience de visionnage décevante.', 2, 51, 4, '2023-05-07');
INSERT INTO Flutters.REVIEW (id_review, description, score, id_movie, id_client, publication_date) VALUES (25, 'Le film manque de profondeur et d\'originalité dans son histoire, et les performances des acteurs ne parviennent pas à sauver l\'ensemble. Bien qu\'il y ait des moments de divertissement, l\'intrigue et les personnages sont mal développés, ce qui rend l\'expérience de visionnage décevante.', 2, 44, 4, '2023-05-07');
INSERT INTO Flutters.REVIEW (id_review, description, score, id_movie, id_client, publication_date) VALUES (26, 'Le film manque de profondeur et d\'originalité dans son histoire, et les performances des acteurs ne parviennent pas à sauver l\'ensemble (Je rigole c\'est une tuerie, allez le voir il est excellent comme d\'habitude de la part de Cameron !!!).', 5, 53, 4, '2023-05-07');
INSERT INTO Flutters.REVIEW (id_review, description, score, id_movie, id_client, publication_date) VALUES (27, ' It\'s straight fire, with awesome characters and sick action scenes. The directing is on point and the cinematography is insane, making this film a must-watch for all the movie buffs out there.', 5, 53, 5, '2023-05-07');
INSERT INTO Flutters.REVIEW (id_review, description, score, id_movie, id_client, publication_date) VALUES (28, ' It\'s straight fire, with awesome characters and sick action scenes. The directing is on point and the cinematography is insane, making this film a must-watch for all the movie buffs out there.', 4, 42, 5, '2023-05-07');
INSERT INTO Flutters.REVIEW (id_review, description, score, id_movie, id_client, publication_date) VALUES (29, ' It\'s straight fire, with awesome characters and sick action scenes. The directing is on point and the cinematography is insane, making this film a must-watch for all the movie buffs out there.', 5, 46, 5, '2023-05-07');
INSERT INTO Flutters.REVIEW (id_review, description, score, id_movie, id_client, publication_date) VALUES (30, ' It\'s straight fire, with awesome characters and sick action scenes. The directing is on point and the cinematography is insane, making this film a must-watch for all the movie buffs out there.', 5, 48, 5, '2023-05-07');
INSERT INTO Flutters.REVIEW (id_review, description, score, id_movie, id_client, publication_date) VALUES (31, 'Unfortunately, the movie lacks depth and originality in its story, and the actors\' performances fail to save the overall experience. While there are moments of entertainment, the plot and characters are poorly developed, making the viewing experience disappointing.', 2, 52, 5, '2023-05-07');
INSERT INTO Flutters.REVIEW (id_review, description, score, id_movie, id_client, publication_date) VALUES (32, 'The movie is pretty decent, with some cool moments of entertainment and solid performances from the actors. Although the story lacks depth and some of the characters are underdeveloped, it\'s still a decent watch for a chill movie night with your friends.', 3, 30, 5, '2023-05-07');
INSERT INTO Flutters.REVIEW (id_review, description, score, id_movie, id_client, publication_date) VALUES (33, 'Unfortunately, the movie lacks depth and originality in its story, and the actors\' performances fail to save the overall experience. While there are moments of entertainment, the plot and characters are poorly developed, making the viewing experience disappointing.', 2, 56, 5, '2023-05-07');
INSERT INTO Flutters.REVIEW (id_review, description, score, id_movie, id_client, publication_date) VALUES (34, 'Unfortunately, the movie lacks depth and originality in its story, and the actors\' performances fail to save the overall experience. While there are moments of entertainment, the plot and characters are poorly developed, making the viewing experience disappointing.', 2, 18, 5, '2023-05-07');
INSERT INTO Flutters.REVIEW (id_review, description, score, id_movie, id_client, publication_date) VALUES (35, 'Unfortunately, the movie lacks depth and originality in its story, and the actors\' performances fail to save the overall experience. While there are moments of entertainment, the plot and characters are poorly developed, making the viewing experience disappointing.', 2, 32, 5, '2023-05-07');
INSERT INTO Flutters.REVIEW (id_review, description, score, id_movie, id_client, publication_date) VALUES (36, 'Unfortunately, the movie lacks depth and originality in its story, and the actors\' performances fail to save the overall experience. While there are moments of entertainment, the plot and characters are poorly developed, making the viewing experience disappointing.', 2, 26, 5, '2023-05-07');
INSERT INTO Flutters.REVIEW (id_review, description, score, id_movie, id_client, publication_date) VALUES (37, 'Je me dois de témoigner ma plus profonde admiration pour ce chef-d\'oeuvre cinématographique, car il possède un degré d\'élégance et de grandeur inégalé dans sa narration et son esthétique. Les acteurs sont tout simplement extraordinaires, offrant des performances ensorcelantes qui ont envoûté mes sens et ému mon âme.', 5, 53, 6, '2023-05-07');

INSERT INTO Flutters.SESSION (id_session, price, seance_date, start_time, id_room, language) VALUES (624, 10.7000, '2023-05-08', '09:10:00', 1, 'VO');
INSERT INTO Flutters.SESSION (id_session, price, seance_date, start_time, id_room, language) VALUES (625, 11.0000, '2023-05-08', '11:20:00', 1, 'VO');
INSERT INTO Flutters.SESSION (id_session, price, seance_date, start_time, id_room, language) VALUES (626, 11.3000, '2023-05-08', '13:10:00', 1, 'VO');
INSERT INTO Flutters.SESSION (id_session, price, seance_date, start_time, id_room, language) VALUES (627, 11.6000, '2023-05-08', '15:00:00', 1, 'VOSTFR');
INSERT INTO Flutters.SESSION (id_session, price, seance_date, start_time, id_room, language) VALUES (628, 11.9000, '2023-05-08', '16:45:00', 1, 'VOSTFR');
INSERT INTO Flutters.SESSION (id_session, price, seance_date, start_time, id_room, language) VALUES (629, 12.2000, '2023-05-08', '18:40:00', 1, 'VOSTFR');
INSERT INTO Flutters.SESSION (id_session, price, seance_date, start_time, id_room, language) VALUES (630, 10.7000, '2023-05-09', '09:25:00', 1, 'VO');
INSERT INTO Flutters.SESSION (id_session, price, seance_date, start_time, id_room, language) VALUES (631, 11.0000, '2023-05-09', '11:20:00', 1, 'VO');
INSERT INTO Flutters.SESSION (id_session, price, seance_date, start_time, id_room, language) VALUES (632, 11.3000, '2023-05-09', '13:05:00', 1, 'VO');
INSERT INTO Flutters.SESSION (id_session, price, seance_date, start_time, id_room, language) VALUES (633, 11.6000, '2023-05-09', '15:00:00', 1, 'VO');
INSERT INTO Flutters.SESSION (id_session, price, seance_date, start_time, id_room, language) VALUES (634, 11.9000, '2023-05-09', '17:05:00', 1, 'VO');
INSERT INTO Flutters.SESSION (id_session, price, seance_date, start_time, id_room, language) VALUES (635, 12.2000, '2023-05-09', '18:50:00', 1, 'VO');
INSERT INTO Flutters.SESSION (id_session, price, seance_date, start_time, id_room, language) VALUES (636, 10.7000, '2023-05-10', '09:10:00', 1, 'VO');
INSERT INTO Flutters.SESSION (id_session, price, seance_date, start_time, id_room, language) VALUES (637, 11.0000, '2023-05-10', '11:20:00', 1, 'VOSTFR');
INSERT INTO Flutters.SESSION (id_session, price, seance_date, start_time, id_room, language) VALUES (638, 11.3000, '2023-05-10', '13:05:00', 1, 'VOSTFR');
INSERT INTO Flutters.SESSION (id_session, price, seance_date, start_time, id_room, language) VALUES (639, 11.6000, '2023-05-10', '14:55:00', 1, 'VOSTFR');
INSERT INTO Flutters.SESSION (id_session, price, seance_date, start_time, id_room, language) VALUES (640, 11.9000, '2023-05-10', '17:00:00', 1, 'VO');
INSERT INTO Flutters.SESSION (id_session, price, seance_date, start_time, id_room, language) VALUES (641, 12.2000, '2023-05-10', '18:40:00', 1, 'VOSTFR');
INSERT INTO Flutters.SESSION (id_session, price, seance_date, start_time, id_room, language) VALUES (642, 10.7000, '2023-05-11', '09:25:00', 1, 'VOSTFR');
INSERT INTO Flutters.SESSION (id_session, price, seance_date, start_time, id_room, language) VALUES (643, 11.0000, '2023-05-11', '11:15:00', 1, 'VO');
INSERT INTO Flutters.SESSION (id_session, price, seance_date, start_time, id_room, language) VALUES (644, 11.3000, '2023-05-11', '13:15:00', 1, 'VO');
INSERT INTO Flutters.SESSION (id_session, price, seance_date, start_time, id_room, language) VALUES (645, 11.6000, '2023-05-11', '14:55:00', 1, 'VO');
INSERT INTO Flutters.SESSION (id_session, price, seance_date, start_time, id_room, language) VALUES (646, 11.9000, '2023-05-11', '17:00:00', 1, 'VOSTFR');
INSERT INTO Flutters.SESSION (id_session, price, seance_date, start_time, id_room, language) VALUES (647, 12.2000, '2023-05-11', '18:50:00', 1, 'VOSTFR');
INSERT INTO Flutters.SESSION (id_session, price, seance_date, start_time, id_room, language) VALUES (648, 10.7000, '2023-05-13', '09:10:00', 1, 'VOSTFR');
INSERT INTO Flutters.SESSION (id_session, price, seance_date, start_time, id_room, language) VALUES (649, 11.0000, '2023-05-13', '11:15:00', 1, 'VOSTFR');
INSERT INTO Flutters.SESSION (id_session, price, seance_date, start_time, id_room, language) VALUES (650, 11.3000, '2023-05-13', '13:15:00', 1, 'VOSTFR');
INSERT INTO Flutters.SESSION (id_session, price, seance_date, start_time, id_room, language) VALUES (651, 11.6000, '2023-05-13', '14:50:00', 1, 'VOSTFR');
INSERT INTO Flutters.SESSION (id_session, price, seance_date, start_time, id_room, language) VALUES (652, 11.9000, '2023-05-13', '17:05:00', 1, 'VOSTFR');
INSERT INTO Flutters.SESSION (id_session, price, seance_date, start_time, id_room, language) VALUES (653, 12.2000, '2023-05-13', '18:40:00', 1, 'VO');
INSERT INTO Flutters.SESSION (id_session, price, seance_date, start_time, id_room, language) VALUES (654, 10.7000, '2023-05-14', '09:10:00', 1, 'VOSTFR');
INSERT INTO Flutters.SESSION (id_session, price, seance_date, start_time, id_room, language) VALUES (655, 11.0000, '2023-05-14', '11:15:00', 1, 'VO');
INSERT INTO Flutters.SESSION (id_session, price, seance_date, start_time, id_room, language) VALUES (656, 11.3000, '2023-05-14', '13:15:00', 1, 'VO');
INSERT INTO Flutters.SESSION (id_session, price, seance_date, start_time, id_room, language) VALUES (657, 11.6000, '2023-05-14', '15:00:00', 1, 'VO');
INSERT INTO Flutters.SESSION (id_session, price, seance_date, start_time, id_room, language) VALUES (658, 11.9000, '2023-05-14', '16:50:00', 1, 'VOSTFR');
INSERT INTO Flutters.SESSION (id_session, price, seance_date, start_time, id_room, language) VALUES (659, 12.2000, '2023-05-14', '18:40:00', 1, 'VOSTFR');
INSERT INTO Flutters.SESSION (id_session, price, seance_date, start_time, id_room, language) VALUES (660, 9.7000, '2023-05-08', '09:20:00', 2, 'VOSTFR');
INSERT INTO Flutters.SESSION (id_session, price, seance_date, start_time, id_room, language) VALUES (661, 10.0000, '2023-05-08', '11:10:00', 2, 'VOSTFR');
INSERT INTO Flutters.SESSION (id_session, price, seance_date, start_time, id_room, language) VALUES (662, 10.3000, '2023-05-08', '13:25:00', 2, 'VO');
INSERT INTO Flutters.SESSION (id_session, price, seance_date, start_time, id_room, language) VALUES (663, 10.6000, '2023-05-08', '15:20:00', 2, 'VOSTFR');
INSERT INTO Flutters.SESSION (id_session, price, seance_date, start_time, id_room, language) VALUES (664, 10.9000, '2023-05-08', '17:10:00', 2, 'VO');
INSERT INTO Flutters.SESSION (id_session, price, seance_date, start_time, id_room, language) VALUES (665, 11.2000, '2023-05-08', '19:15:00', 2, 'VOSTFR');
INSERT INTO Flutters.SESSION (id_session, price, seance_date, start_time, id_room, language) VALUES (666, 9.7000, '2023-05-09', '09:20:00', 2, 'VO');
INSERT INTO Flutters.SESSION (id_session, price, seance_date, start_time, id_room, language) VALUES (667, 10.0000, '2023-05-09', '11:05:00', 2, 'VOSTFR');
INSERT INTO Flutters.SESSION (id_session, price, seance_date, start_time, id_room, language) VALUES (668, 10.3000, '2023-05-09', '13:10:00', 2, 'VO');
INSERT INTO Flutters.SESSION (id_session, price, seance_date, start_time, id_room, language) VALUES (669, 10.6000, '2023-05-09', '15:25:00', 2, 'VO');
INSERT INTO Flutters.SESSION (id_session, price, seance_date, start_time, id_room, language) VALUES (670, 10.9000, '2023-05-09', '17:15:00', 2, 'VOSTFR');
INSERT INTO Flutters.SESSION (id_session, price, seance_date, start_time, id_room, language) VALUES (671, 11.2000, '2023-05-09', '19:05:00', 2, 'VO');
INSERT INTO Flutters.SESSION (id_session, price, seance_date, start_time, id_room, language) VALUES (672, 9.7000, '2023-05-11', '09:25:00', 2, 'VO');
INSERT INTO Flutters.SESSION (id_session, price, seance_date, start_time, id_room, language) VALUES (673, 10.0000, '2023-05-11', '11:20:00', 2, 'VO');
INSERT INTO Flutters.SESSION (id_session, price, seance_date, start_time, id_room, language) VALUES (674, 10.3000, '2023-05-11', '13:15:00', 2, 'VOSTFR');
INSERT INTO Flutters.SESSION (id_session, price, seance_date, start_time, id_room, language) VALUES (675, 10.6000, '2023-05-11', '15:15:00', 2, 'VO');
INSERT INTO Flutters.SESSION (id_session, price, seance_date, start_time, id_room, language) VALUES (676, 10.9000, '2023-05-11', '17:05:00', 2, 'VOSTFR');
INSERT INTO Flutters.SESSION (id_session, price, seance_date, start_time, id_room, language) VALUES (677, 11.2000, '2023-05-11', '19:20:00', 2, 'VO');
INSERT INTO Flutters.SESSION (id_session, price, seance_date, start_time, id_room, language) VALUES (678, 9.7000, '2023-05-12', '09:20:00', 2, 'VO');
INSERT INTO Flutters.SESSION (id_session, price, seance_date, start_time, id_room, language) VALUES (679, 10.0000, '2023-05-12', '11:20:00', 2, 'VOSTFR');
INSERT INTO Flutters.SESSION (id_session, price, seance_date, start_time, id_room, language) VALUES (680, 10.3000, '2023-05-12', '13:05:00', 2, 'VO');
INSERT INTO Flutters.SESSION (id_session, price, seance_date, start_time, id_room, language) VALUES (681, 10.6000, '2023-05-12', '15:15:00', 2, 'VOSTFR');
INSERT INTO Flutters.SESSION (id_session, price, seance_date, start_time, id_room, language) VALUES (682, 10.9000, '2023-05-12', '17:25:00', 2, 'VOSTFR');
INSERT INTO Flutters.SESSION (id_session, price, seance_date, start_time, id_room, language) VALUES (683, 11.2000, '2023-05-12', '19:05:00', 2, 'VOSTFR');
INSERT INTO Flutters.SESSION (id_session, price, seance_date, start_time, id_room, language) VALUES (684, 9.7000, '2023-05-13', '09:25:00', 2, 'VOSTFR');
INSERT INTO Flutters.SESSION (id_session, price, seance_date, start_time, id_room, language) VALUES (685, 10.0000, '2023-05-13', '11:20:00', 2, 'VOSTFR');
INSERT INTO Flutters.SESSION (id_session, price, seance_date, start_time, id_room, language) VALUES (686, 10.3000, '2023-05-13', '13:20:00', 2, 'VO');
INSERT INTO Flutters.SESSION (id_session, price, seance_date, start_time, id_room, language) VALUES (687, 10.6000, '2023-05-13', '15:25:00', 2, 'VOSTFR');
INSERT INTO Flutters.SESSION (id_session, price, seance_date, start_time, id_room, language) VALUES (688, 10.9000, '2023-05-13', '17:10:00', 2, 'VO');
INSERT INTO Flutters.SESSION (id_session, price, seance_date, start_time, id_room, language) VALUES (689, 11.2000, '2023-05-13', '19:15:00', 2, 'VO');
INSERT INTO Flutters.SESSION (id_session, price, seance_date, start_time, id_room, language) VALUES (690, 9.7000, '2023-05-14', '09:15:00', 2, 'VO');
INSERT INTO Flutters.SESSION (id_session, price, seance_date, start_time, id_room, language) VALUES (691, 10.0000, '2023-05-14', '11:25:00', 2, 'VO');
INSERT INTO Flutters.SESSION (id_session, price, seance_date, start_time, id_room, language) VALUES (692, 10.3000, '2023-05-14', '13:20:00', 2, 'VOSTFR');
INSERT INTO Flutters.SESSION (id_session, price, seance_date, start_time, id_room, language) VALUES (693, 10.6000, '2023-05-14', '15:05:00', 2, 'VO');
INSERT INTO Flutters.SESSION (id_session, price, seance_date, start_time, id_room, language) VALUES (694, 10.9000, '2023-05-14', '17:25:00', 2, 'VOSTFR');
INSERT INTO Flutters.SESSION (id_session, price, seance_date, start_time, id_room, language) VALUES (695, 11.2000, '2023-05-14', '19:10:00', 2, 'VO');
INSERT INTO Flutters.SESSION (id_session, price, seance_date, start_time, id_room, language) VALUES (696, 11.7000, '2023-05-08', '09:20:00', 3, 'VOSTFR');
INSERT INTO Flutters.SESSION (id_session, price, seance_date, start_time, id_room, language) VALUES (697, 12.0000, '2023-05-08', '11:15:00', 3, 'VOSTFR');
INSERT INTO Flutters.SESSION (id_session, price, seance_date, start_time, id_room, language) VALUES (698, 12.3000, '2023-05-08', '13:25:00', 3, 'VO');
INSERT INTO Flutters.SESSION (id_session, price, seance_date, start_time, id_room, language) VALUES (699, 12.6000, '2023-05-08', '15:30:00', 3, 'VOSTFR');
INSERT INTO Flutters.SESSION (id_session, price, seance_date, start_time, id_room, language) VALUES (700, 12.9000, '2023-05-08', '17:40:00', 3, 'VO');
INSERT INTO Flutters.SESSION (id_session, price, seance_date, start_time, id_room, language) VALUES (701, 13.2000, '2023-05-08', '19:50:00', 3, 'VOSTFR');
INSERT INTO Flutters.SESSION (id_session, price, seance_date, start_time, id_room, language) VALUES (702, 11.7000, '2023-05-09', '09:25:00', 3, 'VOSTFR');
INSERT INTO Flutters.SESSION (id_session, price, seance_date, start_time, id_room, language) VALUES (703, 12.0000, '2023-05-09', '11:20:00', 3, 'VOSTFR');
INSERT INTO Flutters.SESSION (id_session, price, seance_date, start_time, id_room, language) VALUES (704, 12.3000, '2023-05-09', '13:15:00', 3, 'VOSTFR');
INSERT INTO Flutters.SESSION (id_session, price, seance_date, start_time, id_room, language) VALUES (705, 12.6000, '2023-05-09', '15:25:00', 3, 'VO');
INSERT INTO Flutters.SESSION (id_session, price, seance_date, start_time, id_room, language) VALUES (706, 12.9000, '2023-05-09', '17:30:00', 3, 'VOSTFR');
INSERT INTO Flutters.SESSION (id_session, price, seance_date, start_time, id_room, language) VALUES (707, 13.2000, '2023-05-09', '19:45:00', 3, 'VOSTFR');
INSERT INTO Flutters.SESSION (id_session, price, seance_date, start_time, id_room, language) VALUES (708, 11.7000, '2023-05-11', '09:20:00', 3, 'VO');
INSERT INTO Flutters.SESSION (id_session, price, seance_date, start_time, id_room, language) VALUES (709, 12.0000, '2023-05-11', '11:10:00', 3, 'VOSTFR');
INSERT INTO Flutters.SESSION (id_session, price, seance_date, start_time, id_room, language) VALUES (710, 12.3000, '2023-05-11', '13:30:00', 3, 'VOSTFR');
INSERT INTO Flutters.SESSION (id_session, price, seance_date, start_time, id_room, language) VALUES (711, 12.6000, '2023-05-11', '15:40:00', 3, 'VO');
INSERT INTO Flutters.SESSION (id_session, price, seance_date, start_time, id_room, language) VALUES (712, 12.9000, '2023-05-11', '17:35:00', 3, 'VOSTFR');
INSERT INTO Flutters.SESSION (id_session, price, seance_date, start_time, id_room, language) VALUES (713, 13.2000, '2023-05-11', '19:50:00', 3, 'VO');
INSERT INTO Flutters.SESSION (id_session, price, seance_date, start_time, id_room, language) VALUES (714, 11.7000, '2023-05-12', '09:10:00', 3, 'VOSTFR');
INSERT INTO Flutters.SESSION (id_session, price, seance_date, start_time, id_room, language) VALUES (715, 12.0000, '2023-05-12', '11:25:00', 3, 'VO');
INSERT INTO Flutters.SESSION (id_session, price, seance_date, start_time, id_room, language) VALUES (716, 12.3000, '2023-05-12', '13:20:00', 3, 'VOSTFR');
INSERT INTO Flutters.SESSION (id_session, price, seance_date, start_time, id_room, language) VALUES (717, 12.6000, '2023-05-12', '15:35:00', 3, 'VO');
INSERT INTO Flutters.SESSION (id_session, price, seance_date, start_time, id_room, language) VALUES (718, 12.9000, '2023-05-12', '17:35:00', 3, 'VOSTFR');
INSERT INTO Flutters.SESSION (id_session, price, seance_date, start_time, id_room, language) VALUES (719, 13.2000, '2023-05-12', '19:35:00', 3, 'VOSTFR');
INSERT INTO Flutters.SESSION (id_session, price, seance_date, start_time, id_room, language) VALUES (720, 11.7000, '2023-05-13', '09:10:00', 3, 'VOSTFR');
INSERT INTO Flutters.SESSION (id_session, price, seance_date, start_time, id_room, language) VALUES (721, 12.0000, '2023-05-13', '11:20:00', 3, 'VOSTFR');
INSERT INTO Flutters.SESSION (id_session, price, seance_date, start_time, id_room, language) VALUES (722, 12.3000, '2023-05-13', '13:25:00', 3, 'VOSTFR');
INSERT INTO Flutters.SESSION (id_session, price, seance_date, start_time, id_room, language) VALUES (723, 12.6000, '2023-05-13', '15:30:00', 3, 'VO');
INSERT INTO Flutters.SESSION (id_session, price, seance_date, start_time, id_room, language) VALUES (724, 12.9000, '2023-05-13', '17:45:00', 3, 'VO');
INSERT INTO Flutters.SESSION (id_session, price, seance_date, start_time, id_room, language) VALUES (725, 13.2000, '2023-05-13', '19:35:00', 3, 'VOSTFR');
INSERT INTO Flutters.SESSION (id_session, price, seance_date, start_time, id_room, language) VALUES (726, 11.7000, '2023-05-14', '09:20:00', 3, 'VOSTFR');
INSERT INTO Flutters.SESSION (id_session, price, seance_date, start_time, id_room, language) VALUES (727, 12.0000, '2023-05-14', '11:10:00', 3, 'VOSTFR');
INSERT INTO Flutters.SESSION (id_session, price, seance_date, start_time, id_room, language) VALUES (728, 12.3000, '2023-05-14', '13:25:00', 3, 'VO');
INSERT INTO Flutters.SESSION (id_session, price, seance_date, start_time, id_room, language) VALUES (729, 12.6000, '2023-05-14', '15:40:00', 3, 'VO');
INSERT INTO Flutters.SESSION (id_session, price, seance_date, start_time, id_room, language) VALUES (730, 12.9000, '2023-05-14', '17:35:00', 3, 'VOSTFR');
INSERT INTO Flutters.SESSION (id_session, price, seance_date, start_time, id_room, language) VALUES (731, 13.2000, '2023-05-14', '19:30:00', 3, 'VOSTFR');
INSERT INTO Flutters.SESSION (id_session, price, seance_date, start_time, id_room, language) VALUES (732, 8.2000, '2023-05-08', '09:20:00', 4, 'VO');
INSERT INTO Flutters.SESSION (id_session, price, seance_date, start_time, id_room, language) VALUES (733, 8.5000, '2023-05-08', '11:15:00', 4, 'VO');
INSERT INTO Flutters.SESSION (id_session, price, seance_date, start_time, id_room, language) VALUES (734, 8.8000, '2023-05-08', '13:40:00', 4, 'VOSTFR');
INSERT INTO Flutters.SESSION (id_session, price, seance_date, start_time, id_room, language) VALUES (735, 9.1000, '2023-05-08', '15:40:00', 4, 'VOSTFR');
INSERT INTO Flutters.SESSION (id_session, price, seance_date, start_time, id_room, language) VALUES (736, 9.4000, '2023-05-08', '17:50:00', 4, 'VOSTFR');
INSERT INTO Flutters.SESSION (id_session, price, seance_date, start_time, id_room, language) VALUES (737, 9.7000, '2023-05-08', '20:05:00', 4, 'VO');
INSERT INTO Flutters.SESSION (id_session, price, seance_date, start_time, id_room, language) VALUES (738, 8.2000, '2023-05-09', '09:05:00', 4, 'VO');
INSERT INTO Flutters.SESSION (id_session, price, seance_date, start_time, id_room, language) VALUES (739, 8.5000, '2023-05-09', '11:20:00', 4, 'VOSTFR');
INSERT INTO Flutters.SESSION (id_session, price, seance_date, start_time, id_room, language) VALUES (740, 8.8000, '2023-05-09', '13:25:00', 4, 'VO');
INSERT INTO Flutters.SESSION (id_session, price, seance_date, start_time, id_room, language) VALUES (741, 9.1000, '2023-05-09', '15:45:00', 4, 'VOSTFR');
INSERT INTO Flutters.SESSION (id_session, price, seance_date, start_time, id_room, language) VALUES (742, 9.4000, '2023-05-09', '17:50:00', 4, 'VOSTFR');
INSERT INTO Flutters.SESSION (id_session, price, seance_date, start_time, id_room, language) VALUES (743, 9.7000, '2023-05-09', '20:00:00', 4, 'VOSTFR');
INSERT INTO Flutters.SESSION (id_session, price, seance_date, start_time, id_room, language) VALUES (744, 8.2000, '2023-05-10', '09:05:00', 4, 'VOSTFR');
INSERT INTO Flutters.SESSION (id_session, price, seance_date, start_time, id_room, language) VALUES (745, 8.5000, '2023-05-10', '11:20:00', 4, 'VOSTFR');
INSERT INTO Flutters.SESSION (id_session, price, seance_date, start_time, id_room, language) VALUES (746, 8.8000, '2023-05-10', '13:25:00', 4, 'VOSTFR');
INSERT INTO Flutters.SESSION (id_session, price, seance_date, start_time, id_room, language) VALUES (747, 9.1000, '2023-05-10', '15:40:00', 4, 'VO');
INSERT INTO Flutters.SESSION (id_session, price, seance_date, start_time, id_room, language) VALUES (748, 9.4000, '2023-05-10', '18:05:00', 4, 'VOSTFR');
INSERT INTO Flutters.SESSION (id_session, price, seance_date, start_time, id_room, language) VALUES (749, 9.7000, '2023-05-10', '20:15:00', 4, 'VOSTFR');
INSERT INTO Flutters.SESSION (id_session, price, seance_date, start_time, id_room, language) VALUES (750, 8.2000, '2023-05-11', '09:20:00', 4, 'VO');
INSERT INTO Flutters.SESSION (id_session, price, seance_date, start_time, id_room, language) VALUES (751, 8.5000, '2023-05-11', '11:25:00', 4, 'VOSTFR');
INSERT INTO Flutters.SESSION (id_session, price, seance_date, start_time, id_room, language) VALUES (752, 8.8000, '2023-05-11', '13:35:00', 4, 'VOSTFR');
INSERT INTO Flutters.SESSION (id_session, price, seance_date, start_time, id_room, language) VALUES (753, 9.1000, '2023-05-11', '15:40:00', 4, 'VO');
INSERT INTO Flutters.SESSION (id_session, price, seance_date, start_time, id_room, language) VALUES (754, 9.4000, '2023-05-11', '18:00:00', 4, 'VOSTFR');
INSERT INTO Flutters.SESSION (id_session, price, seance_date, start_time, id_room, language) VALUES (755, 9.7000, '2023-05-11', '20:15:00', 4, 'VO');
INSERT INTO Flutters.SESSION (id_session, price, seance_date, start_time, id_room, language) VALUES (756, 8.2000, '2023-05-12', '09:10:00', 4, 'VO');
INSERT INTO Flutters.SESSION (id_session, price, seance_date, start_time, id_room, language) VALUES (757, 8.5000, '2023-05-12', '11:25:00', 4, 'VO');
INSERT INTO Flutters.SESSION (id_session, price, seance_date, start_time, id_room, language) VALUES (758, 8.8000, '2023-05-12', '13:40:00', 4, 'VOSTFR');
INSERT INTO Flutters.SESSION (id_session, price, seance_date, start_time, id_room, language) VALUES (759, 9.1000, '2023-05-12', '15:50:00', 4, 'VO');
INSERT INTO Flutters.SESSION (id_session, price, seance_date, start_time, id_room, language) VALUES (760, 9.4000, '2023-05-12', '17:55:00', 4, 'VOSTFR');
INSERT INTO Flutters.SESSION (id_session, price, seance_date, start_time, id_room, language) VALUES (761, 9.7000, '2023-05-12', '20:05:00', 4, 'VO');
INSERT INTO Flutters.SESSION (id_session, price, seance_date, start_time, id_room, language) VALUES (762, 8.2000, '2023-05-14', '09:10:00', 4, 'VOSTFR');
INSERT INTO Flutters.SESSION (id_session, price, seance_date, start_time, id_room, language) VALUES (763, 8.5000, '2023-05-14', '11:25:00', 4, 'VOSTFR');
INSERT INTO Flutters.SESSION (id_session, price, seance_date, start_time, id_room, language) VALUES (764, 8.8000, '2023-05-14', '13:35:00', 4, 'VO');
INSERT INTO Flutters.SESSION (id_session, price, seance_date, start_time, id_room, language) VALUES (765, 9.1000, '2023-05-14', '15:40:00', 4, 'VO');
INSERT INTO Flutters.SESSION (id_session, price, seance_date, start_time, id_room, language) VALUES (766, 9.4000, '2023-05-14', '17:50:00', 4, 'VOSTFR');
INSERT INTO Flutters.SESSION (id_session, price, seance_date, start_time, id_room, language) VALUES (767, 9.7000, '2023-05-14', '20:00:00', 4, 'VO');
INSERT INTO Flutters.SESSION (id_session, price, seance_date, start_time, id_room, language) VALUES (768, 9.4000, '2023-05-08', '09:15:00', 5, 'VO');
INSERT INTO Flutters.SESSION (id_session, price, seance_date, start_time, id_room, language) VALUES (769, 9.7000, '2023-05-08', '11:35:00', 5, 'VO');
INSERT INTO Flutters.SESSION (id_session, price, seance_date, start_time, id_room, language) VALUES (770, 10.0000, '2023-05-08', '13:45:00', 5, 'VO');
INSERT INTO Flutters.SESSION (id_session, price, seance_date, start_time, id_room, language) VALUES (771, 10.3000, '2023-05-08', '15:55:00', 5, 'VO');
INSERT INTO Flutters.SESSION (id_session, price, seance_date, start_time, id_room, language) VALUES (772, 10.6000, '2023-05-08', '18:15:00', 5, 'VOSTFR');
INSERT INTO Flutters.SESSION (id_session, price, seance_date, start_time, id_room, language) VALUES (773, 10.9000, '2023-05-08', '20:40:00', 5, 'VOSTFR');
INSERT INTO Flutters.SESSION (id_session, price, seance_date, start_time, id_room, language) VALUES (774, 9.4000, '2023-05-09', '09:25:00', 5, 'VO');
INSERT INTO Flutters.SESSION (id_session, price, seance_date, start_time, id_room, language) VALUES (775, 9.7000, '2023-05-09', '11:40:00', 5, 'VOSTFR');
INSERT INTO Flutters.SESSION (id_session, price, seance_date, start_time, id_room, language) VALUES (776, 10.0000, '2023-05-09', '13:35:00', 5, 'VOSTFR');
INSERT INTO Flutters.SESSION (id_session, price, seance_date, start_time, id_room, language) VALUES (777, 10.3000, '2023-05-09', '16:10:00', 5, 'VO');
INSERT INTO Flutters.SESSION (id_session, price, seance_date, start_time, id_room, language) VALUES (778, 10.6000, '2023-05-09', '18:10:00', 5, 'VOSTFR');
INSERT INTO Flutters.SESSION (id_session, price, seance_date, start_time, id_room, language) VALUES (779, 10.9000, '2023-05-09', '20:20:00', 5, 'VOSTFR');
INSERT INTO Flutters.SESSION (id_session, price, seance_date, start_time, id_room, language) VALUES (780, 9.4000, '2023-05-10', '09:15:00', 5, 'VOSTFR');
INSERT INTO Flutters.SESSION (id_session, price, seance_date, start_time, id_room, language) VALUES (781, 9.7000, '2023-05-10', '11:40:00', 5, 'VOSTFR');
INSERT INTO Flutters.SESSION (id_session, price, seance_date, start_time, id_room, language) VALUES (782, 10.0000, '2023-05-10', '13:50:00', 5, 'VOSTFR');
INSERT INTO Flutters.SESSION (id_session, price, seance_date, start_time, id_room, language) VALUES (783, 10.3000, '2023-05-10', '15:50:00', 5, 'VO');
INSERT INTO Flutters.SESSION (id_session, price, seance_date, start_time, id_room, language) VALUES (784, 10.6000, '2023-05-10', '18:15:00', 5, 'VO');
INSERT INTO Flutters.SESSION (id_session, price, seance_date, start_time, id_room, language) VALUES (785, 10.9000, '2023-05-10', '20:30:00', 5, 'VO');
INSERT INTO Flutters.SESSION (id_session, price, seance_date, start_time, id_room, language) VALUES (786, 9.4000, '2023-05-12', '09:15:00', 5, 'VOSTFR');
INSERT INTO Flutters.SESSION (id_session, price, seance_date, start_time, id_room, language) VALUES (787, 9.7000, '2023-05-12', '11:35:00', 5, 'VOSTFR');
INSERT INTO Flutters.SESSION (id_session, price, seance_date, start_time, id_room, language) VALUES (788, 10.0000, '2023-05-12', '13:50:00', 5, 'VO');
INSERT INTO Flutters.SESSION (id_session, price, seance_date, start_time, id_room, language) VALUES (789, 10.3000, '2023-05-12', '16:00:00', 5, 'VOSTFR');
INSERT INTO Flutters.SESSION (id_session, price, seance_date, start_time, id_room, language) VALUES (790, 10.6000, '2023-05-12', '18:25:00', 5, 'VO');
INSERT INTO Flutters.SESSION (id_session, price, seance_date, start_time, id_room, language) VALUES (791, 10.9000, '2023-05-12', '20:35:00', 5, 'VOSTFR');
INSERT INTO Flutters.SESSION (id_session, price, seance_date, start_time, id_room, language) VALUES (792, 9.4000, '2023-05-13', '09:10:00', 5, 'VO');
INSERT INTO Flutters.SESSION (id_session, price, seance_date, start_time, id_room, language) VALUES (793, 9.7000, '2023-05-13', '11:40:00', 5, 'VOSTFR');
INSERT INTO Flutters.SESSION (id_session, price, seance_date, start_time, id_room, language) VALUES (794, 10.0000, '2023-05-13', '13:35:00', 5, 'VOSTFR');
INSERT INTO Flutters.SESSION (id_session, price, seance_date, start_time, id_room, language) VALUES (795, 10.3000, '2023-05-13', '16:05:00', 5, 'VO');
INSERT INTO Flutters.SESSION (id_session, price, seance_date, start_time, id_room, language) VALUES (796, 10.6000, '2023-05-13', '18:10:00', 5, 'VOSTFR');
INSERT INTO Flutters.SESSION (id_session, price, seance_date, start_time, id_room, language) VALUES (797, 10.9000, '2023-05-13', '20:20:00', 5, 'VO');
INSERT INTO Flutters.SESSION (id_session, price, seance_date, start_time, id_room, language) VALUES (798, 9.4000, '2023-05-14', '09:15:00', 5, 'VOSTFR');
INSERT INTO Flutters.SESSION (id_session, price, seance_date, start_time, id_room, language) VALUES (799, 9.7000, '2023-05-14', '11:20:00', 5, 'VO');
INSERT INTO Flutters.SESSION (id_session, price, seance_date, start_time, id_room, language) VALUES (800, 10.0000, '2023-05-14', '13:50:00', 5, 'VOSTFR');
INSERT INTO Flutters.SESSION (id_session, price, seance_date, start_time, id_room, language) VALUES (801, 10.3000, '2023-05-14', '15:50:00', 5, 'VO');
INSERT INTO Flutters.SESSION (id_session, price, seance_date, start_time, id_room, language) VALUES (802, 10.6000, '2023-05-14', '18:05:00', 5, 'VO');
INSERT INTO Flutters.SESSION (id_session, price, seance_date, start_time, id_room, language) VALUES (803, 10.9000, '2023-05-14', '20:40:00', 5, 'VO');
INSERT INTO Flutters.SESSION (id_session, price, seance_date, start_time, id_room, language) VALUES (804, 7.4000, '2023-05-08', '09:20:00', 6, 'VO');
INSERT INTO Flutters.SESSION (id_session, price, seance_date, start_time, id_room, language) VALUES (805, 7.7000, '2023-05-08', '10:40:00', 6, 'VOSTFR');
INSERT INTO Flutters.SESSION (id_session, price, seance_date, start_time, id_room, language) VALUES (806, 8.0000, '2023-05-08', '12:35:00', 6, 'VOSTFR');
INSERT INTO Flutters.SESSION (id_session, price, seance_date, start_time, id_room, language) VALUES (807, 8.3000, '2023-05-08', '14:05:00', 6, 'VO');
INSERT INTO Flutters.SESSION (id_session, price, seance_date, start_time, id_room, language) VALUES (808, 8.6000, '2023-05-08', '15:40:00', 6, 'VO');
INSERT INTO Flutters.SESSION (id_session, price, seance_date, start_time, id_room, language) VALUES (809, 8.9000, '2023-05-08', '17:00:00', 6, 'VO');
INSERT INTO Flutters.SESSION (id_session, price, seance_date, start_time, id_room, language) VALUES (810, 7.4000, '2023-05-09', '09:05:00', 6, 'VOSTFR');
INSERT INTO Flutters.SESSION (id_session, price, seance_date, start_time, id_room, language) VALUES (811, 7.7000, '2023-05-09', '10:55:00', 6, 'VO');
INSERT INTO Flutters.SESSION (id_session, price, seance_date, start_time, id_room, language) VALUES (812, 8.0000, '2023-05-09', '12:35:00', 6, 'VO');
INSERT INTO Flutters.SESSION (id_session, price, seance_date, start_time, id_room, language) VALUES (813, 8.3000, '2023-05-09', '13:55:00', 6, 'VO');
INSERT INTO Flutters.SESSION (id_session, price, seance_date, start_time, id_room, language) VALUES (814, 8.6000, '2023-05-09', '15:25:00', 6, 'VO');
INSERT INTO Flutters.SESSION (id_session, price, seance_date, start_time, id_room, language) VALUES (815, 8.9000, '2023-05-09', '17:20:00', 6, 'VO');
INSERT INTO Flutters.SESSION (id_session, price, seance_date, start_time, id_room, language) VALUES (816, 7.4000, '2023-05-10', '09:20:00', 6, 'VO');
INSERT INTO Flutters.SESSION (id_session, price, seance_date, start_time, id_room, language) VALUES (817, 7.7000, '2023-05-10', '11:00:00', 6, 'VOSTFR');
INSERT INTO Flutters.SESSION (id_session, price, seance_date, start_time, id_room, language) VALUES (818, 8.0000, '2023-05-10', '12:20:00', 6, 'VOSTFR');
INSERT INTO Flutters.SESSION (id_session, price, seance_date, start_time, id_room, language) VALUES (819, 8.3000, '2023-05-10', '13:50:00', 6, 'VOSTFR');
INSERT INTO Flutters.SESSION (id_session, price, seance_date, start_time, id_room, language) VALUES (820, 8.6000, '2023-05-10', '15:30:00', 6, 'VOSTFR');
INSERT INTO Flutters.SESSION (id_session, price, seance_date, start_time, id_room, language) VALUES (821, 8.9000, '2023-05-10', '17:15:00', 6, 'VO');
INSERT INTO Flutters.SESSION (id_session, price, seance_date, start_time, id_room, language) VALUES (822, 7.4000, '2023-05-11', '09:10:00', 6, 'VOSTFR');
INSERT INTO Flutters.SESSION (id_session, price, seance_date, start_time, id_room, language) VALUES (823, 7.7000, '2023-05-11', '10:55:00', 6, 'VO');
INSERT INTO Flutters.SESSION (id_session, price, seance_date, start_time, id_room, language) VALUES (824, 8.0000, '2023-05-11', '12:25:00', 6, 'VO');
INSERT INTO Flutters.SESSION (id_session, price, seance_date, start_time, id_room, language) VALUES (825, 8.3000, '2023-05-11', '14:05:00', 6, 'VO');
INSERT INTO Flutters.SESSION (id_session, price, seance_date, start_time, id_room, language) VALUES (826, 8.6000, '2023-05-11', '15:40:00', 6, 'VOSTFR');
INSERT INTO Flutters.SESSION (id_session, price, seance_date, start_time, id_room, language) VALUES (827, 8.9000, '2023-05-11', '17:05:00', 6, 'VOSTFR');
INSERT INTO Flutters.SESSION (id_session, price, seance_date, start_time, id_room, language) VALUES (828, 7.4000, '2023-05-13', '09:10:00', 6, 'VOSTFR');
INSERT INTO Flutters.SESSION (id_session, price, seance_date, start_time, id_room, language) VALUES (829, 7.7000, '2023-05-13', '10:40:00', 6, 'VO');
INSERT INTO Flutters.SESSION (id_session, price, seance_date, start_time, id_room, language) VALUES (830, 8.0000, '2023-05-13', '12:35:00', 6, 'VOSTFR');
INSERT INTO Flutters.SESSION (id_session, price, seance_date, start_time, id_room, language) VALUES (831, 8.3000, '2023-05-13', '13:55:00', 6, 'VOSTFR');
INSERT INTO Flutters.SESSION (id_session, price, seance_date, start_time, id_room, language) VALUES (832, 8.6000, '2023-05-13', '15:30:00', 6, 'VO');
INSERT INTO Flutters.SESSION (id_session, price, seance_date, start_time, id_room, language) VALUES (833, 8.9000, '2023-05-13', '17:05:00', 6, 'VOSTFR');
INSERT INTO Flutters.SESSION (id_session, price, seance_date, start_time, id_room, language) VALUES (834, 7.4000, '2023-05-14', '09:05:00', 6, 'VO');
INSERT INTO Flutters.SESSION (id_session, price, seance_date, start_time, id_room, language) VALUES (835, 7.7000, '2023-05-14', '11:00:00', 6, 'VOSTFR');
INSERT INTO Flutters.SESSION (id_session, price, seance_date, start_time, id_room, language) VALUES (836, 8.0000, '2023-05-14', '12:15:00', 6, 'VO');
INSERT INTO Flutters.SESSION (id_session, price, seance_date, start_time, id_room, language) VALUES (837, 8.3000, '2023-05-14', '14:05:00', 6, 'VOSTFR');
INSERT INTO Flutters.SESSION (id_session, price, seance_date, start_time, id_room, language) VALUES (838, 8.6000, '2023-05-14', '15:40:00', 6, 'VO');
INSERT INTO Flutters.SESSION (id_session, price, seance_date, start_time, id_room, language) VALUES (839, 8.9000, '2023-05-14', '17:15:00', 6, 'VOSTFR');
INSERT INTO Flutters.SESSION (id_session, price, seance_date, start_time, id_room, language) VALUES (840, 9.4000, '2023-05-08', '09:15:00', 7, 'VO');
INSERT INTO Flutters.SESSION (id_session, price, seance_date, start_time, id_room, language) VALUES (841, 9.7000, '2023-05-08', '10:50:00', 7, 'VO');
INSERT INTO Flutters.SESSION (id_session, price, seance_date, start_time, id_room, language) VALUES (842, 10.0000, '2023-05-08', '12:10:00', 7, 'VO');
INSERT INTO Flutters.SESSION (id_session, price, seance_date, start_time, id_room, language) VALUES (843, 10.3000, '2023-05-08', '13:45:00', 7, 'VO');
INSERT INTO Flutters.SESSION (id_session, price, seance_date, start_time, id_room, language) VALUES (844, 10.6000, '2023-05-08', '15:05:00', 7, 'VOSTFR');
INSERT INTO Flutters.SESSION (id_session, price, seance_date, start_time, id_room, language) VALUES (845, 10.9000, '2023-05-08', '16:35:00', 7, 'VO');
INSERT INTO Flutters.SESSION (id_session, price, seance_date, start_time, id_room, language) VALUES (846, 9.4000, '2023-05-09', '09:25:00', 7, 'VOSTFR');
INSERT INTO Flutters.SESSION (id_session, price, seance_date, start_time, id_room, language) VALUES (847, 9.7000, '2023-05-09', '10:50:00', 7, 'VOSTFR');
INSERT INTO Flutters.SESSION (id_session, price, seance_date, start_time, id_room, language) VALUES (848, 10.0000, '2023-05-09', '12:25:00', 7, 'VOSTFR');
INSERT INTO Flutters.SESSION (id_session, price, seance_date, start_time, id_room, language) VALUES (849, 10.3000, '2023-05-09', '13:35:00', 7, 'VO');
INSERT INTO Flutters.SESSION (id_session, price, seance_date, start_time, id_room, language) VALUES (850, 10.6000, '2023-05-09', '15:15:00', 7, 'VOSTFR');
INSERT INTO Flutters.SESSION (id_session, price, seance_date, start_time, id_room, language) VALUES (851, 10.9000, '2023-05-09', '16:55:00', 7, 'VOSTFR');
INSERT INTO Flutters.SESSION (id_session, price, seance_date, start_time, id_room, language) VALUES (852, 9.4000, '2023-05-10', '09:25:00', 7, 'VOSTFR');
INSERT INTO Flutters.SESSION (id_session, price, seance_date, start_time, id_room, language) VALUES (853, 9.7000, '2023-05-10', '10:45:00', 7, 'VOSTFR');
INSERT INTO Flutters.SESSION (id_session, price, seance_date, start_time, id_room, language) VALUES (854, 10.0000, '2023-05-10', '12:20:00', 7, 'VO');
INSERT INTO Flutters.SESSION (id_session, price, seance_date, start_time, id_room, language) VALUES (855, 10.3000, '2023-05-10', '13:55:00', 7, 'VOSTFR');
INSERT INTO Flutters.SESSION (id_session, price, seance_date, start_time, id_room, language) VALUES (856, 10.6000, '2023-05-10', '15:10:00', 7, 'VO');
INSERT INTO Flutters.SESSION (id_session, price, seance_date, start_time, id_room, language) VALUES (857, 10.9000, '2023-05-10', '16:55:00', 7, 'VO');
INSERT INTO Flutters.SESSION (id_session, price, seance_date, start_time, id_room, language) VALUES (858, 9.4000, '2023-05-11', '09:05:00', 7, 'VO');
INSERT INTO Flutters.SESSION (id_session, price, seance_date, start_time, id_room, language) VALUES (859, 9.7000, '2023-05-11', '10:35:00', 7, 'VO');
INSERT INTO Flutters.SESSION (id_session, price, seance_date, start_time, id_room, language) VALUES (860, 10.0000, '2023-05-11', '12:10:00', 7, 'VOSTFR');
INSERT INTO Flutters.SESSION (id_session, price, seance_date, start_time, id_room, language) VALUES (861, 10.3000, '2023-05-11', '13:40:00', 7, 'VO');
INSERT INTO Flutters.SESSION (id_session, price, seance_date, start_time, id_room, language) VALUES (862, 10.6000, '2023-05-11', '15:10:00', 7, 'VOSTFR');
INSERT INTO Flutters.SESSION (id_session, price, seance_date, start_time, id_room, language) VALUES (863, 10.9000, '2023-05-11', '16:50:00', 7, 'VO');
INSERT INTO Flutters.SESSION (id_session, price, seance_date, start_time, id_room, language) VALUES (864, 9.4000, '2023-05-12', '09:15:00', 7, 'VO');
INSERT INTO Flutters.SESSION (id_session, price, seance_date, start_time, id_room, language) VALUES (865, 9.7000, '2023-05-12', '10:35:00', 7, 'VO');
INSERT INTO Flutters.SESSION (id_session, price, seance_date, start_time, id_room, language) VALUES (866, 10.0000, '2023-05-12', '12:05:00', 7, 'VO');
INSERT INTO Flutters.SESSION (id_session, price, seance_date, start_time, id_room, language) VALUES (867, 10.3000, '2023-05-12', '13:40:00', 7, 'VOSTFR');
INSERT INTO Flutters.SESSION (id_session, price, seance_date, start_time, id_room, language) VALUES (868, 10.6000, '2023-05-12', '15:25:00', 7, 'VOSTFR');
INSERT INTO Flutters.SESSION (id_session, price, seance_date, start_time, id_room, language) VALUES (869, 10.9000, '2023-05-12', '16:55:00', 7, 'VO');
INSERT INTO Flutters.SESSION (id_session, price, seance_date, start_time, id_room, language) VALUES (870, 9.4000, '2023-05-14', '09:15:00', 7, 'VO');
INSERT INTO Flutters.SESSION (id_session, price, seance_date, start_time, id_room, language) VALUES (871, 9.7000, '2023-05-14', '10:50:00', 7, 'VOSTFR');
INSERT INTO Flutters.SESSION (id_session, price, seance_date, start_time, id_room, language) VALUES (872, 10.0000, '2023-05-14', '12:25:00', 7, 'VOSTFR');
INSERT INTO Flutters.SESSION (id_session, price, seance_date, start_time, id_room, language) VALUES (873, 10.3000, '2023-05-14', '13:35:00', 7, 'VOSTFR');
INSERT INTO Flutters.SESSION (id_session, price, seance_date, start_time, id_room, language) VALUES (874, 10.6000, '2023-05-14', '15:10:00', 7, 'VOSTFR');
INSERT INTO Flutters.SESSION (id_session, price, seance_date, start_time, id_room, language) VALUES (875, 10.9000, '2023-05-14', '16:45:00', 7, 'VO');
INSERT INTO Flutters.SESSION (id_session, price, seance_date, start_time, id_room, language) VALUES (876, 6.4000, '2023-05-08', '09:25:00', 8, 'VOSTFR');
INSERT INTO Flutters.SESSION (id_session, price, seance_date, start_time, id_room, language) VALUES (877, 6.7000, '2023-05-08', '10:55:00', 8, 'VO');
INSERT INTO Flutters.SESSION (id_session, price, seance_date, start_time, id_room, language) VALUES (878, 7.0000, '2023-05-08', '12:25:00', 8, 'VOSTFR');
INSERT INTO Flutters.SESSION (id_session, price, seance_date, start_time, id_room, language) VALUES (879, 7.3000, '2023-05-08', '13:55:00', 8, 'VO');
INSERT INTO Flutters.SESSION (id_session, price, seance_date, start_time, id_room, language) VALUES (880, 7.6000, '2023-05-08', '15:25:00', 8, 'VOSTFR');
INSERT INTO Flutters.SESSION (id_session, price, seance_date, start_time, id_room, language) VALUES (881, 7.9000, '2023-05-08', '17:00:00', 8, 'VOSTFR');
INSERT INTO Flutters.SESSION (id_session, price, seance_date, start_time, id_room, language) VALUES (882, 6.4000, '2023-05-09', '09:20:00', 8, 'VO');
INSERT INTO Flutters.SESSION (id_session, price, seance_date, start_time, id_room, language) VALUES (883, 6.7000, '2023-05-09', '10:40:00', 8, 'VOSTFR');
INSERT INTO Flutters.SESSION (id_session, price, seance_date, start_time, id_room, language) VALUES (884, 7.0000, '2023-05-09', '12:35:00', 8, 'VO');
INSERT INTO Flutters.SESSION (id_session, price, seance_date, start_time, id_room, language) VALUES (885, 7.3000, '2023-05-09', '14:00:00', 8, 'VOSTFR');
INSERT INTO Flutters.SESSION (id_session, price, seance_date, start_time, id_room, language) VALUES (886, 7.6000, '2023-05-09', '15:30:00', 8, 'VOSTFR');
INSERT INTO Flutters.SESSION (id_session, price, seance_date, start_time, id_room, language) VALUES (887, 7.9000, '2023-05-09', '17:15:00', 8, 'VOSTFR');
INSERT INTO Flutters.SESSION (id_session, price, seance_date, start_time, id_room, language) VALUES (888, 6.4000, '2023-05-10', '09:05:00', 8, 'VOSTFR');
INSERT INTO Flutters.SESSION (id_session, price, seance_date, start_time, id_room, language) VALUES (889, 6.7000, '2023-05-10', '10:55:00', 8, 'VO');
INSERT INTO Flutters.SESSION (id_session, price, seance_date, start_time, id_room, language) VALUES (890, 7.0000, '2023-05-10', '12:35:00', 8, 'VOSTFR');
INSERT INTO Flutters.SESSION (id_session, price, seance_date, start_time, id_room, language) VALUES (891, 7.3000, '2023-05-10', '14:10:00', 8, 'VOSTFR');
INSERT INTO Flutters.SESSION (id_session, price, seance_date, start_time, id_room, language) VALUES (892, 7.6000, '2023-05-10', '15:40:00', 8, 'VO');
INSERT INTO Flutters.SESSION (id_session, price, seance_date, start_time, id_room, language) VALUES (893, 7.9000, '2023-05-10', '17:10:00', 8, 'VO');
INSERT INTO Flutters.SESSION (id_session, price, seance_date, start_time, id_room, language) VALUES (894, 6.4000, '2023-05-11', '09:25:00', 8, 'VO');
INSERT INTO Flutters.SESSION (id_session, price, seance_date, start_time, id_room, language) VALUES (895, 6.7000, '2023-05-11', '11:00:00', 8, 'VO');
INSERT INTO Flutters.SESSION (id_session, price, seance_date, start_time, id_room, language) VALUES (896, 7.0000, '2023-05-11', '12:15:00', 8, 'VO');
INSERT INTO Flutters.SESSION (id_session, price, seance_date, start_time, id_room, language) VALUES (897, 7.3000, '2023-05-11', '13:55:00', 8, 'VO');
INSERT INTO Flutters.SESSION (id_session, price, seance_date, start_time, id_room, language) VALUES (898, 7.6000, '2023-05-11', '15:40:00', 8, 'VOSTFR');
INSERT INTO Flutters.SESSION (id_session, price, seance_date, start_time, id_room, language) VALUES (899, 7.9000, '2023-05-11', '17:00:00', 8, 'VOSTFR');
INSERT INTO Flutters.SESSION (id_session, price, seance_date, start_time, id_room, language) VALUES (900, 6.4000, '2023-05-13', '09:25:00', 8, 'VOSTFR');
INSERT INTO Flutters.SESSION (id_session, price, seance_date, start_time, id_room, language) VALUES (901, 6.7000, '2023-05-13', '10:40:00', 8, 'VOSTFR');
INSERT INTO Flutters.SESSION (id_session, price, seance_date, start_time, id_room, language) VALUES (902, 7.0000, '2023-05-13', '12:35:00', 8, 'VO');
INSERT INTO Flutters.SESSION (id_session, price, seance_date, start_time, id_room, language) VALUES (903, 7.3000, '2023-05-13', '14:10:00', 8, 'VOSTFR');
INSERT INTO Flutters.SESSION (id_session, price, seance_date, start_time, id_room, language) VALUES (904, 7.6000, '2023-05-13', '15:40:00', 8, 'VOSTFR');
INSERT INTO Flutters.SESSION (id_session, price, seance_date, start_time, id_room, language) VALUES (905, 7.9000, '2023-05-13', '17:15:00', 8, 'VO');
INSERT INTO Flutters.SESSION (id_session, price, seance_date, start_time, id_room, language) VALUES (906, 6.4000, '2023-05-14', '09:05:00', 8, 'VOSTFR');
INSERT INTO Flutters.SESSION (id_session, price, seance_date, start_time, id_room, language) VALUES (907, 6.7000, '2023-05-14', '10:50:00', 8, 'VO');
INSERT INTO Flutters.SESSION (id_session, price, seance_date, start_time, id_room, language) VALUES (908, 7.0000, '2023-05-14', '12:15:00', 8, 'VO');
INSERT INTO Flutters.SESSION (id_session, price, seance_date, start_time, id_room, language) VALUES (909, 7.3000, '2023-05-14', '13:55:00', 8, 'VOSTFR');
INSERT INTO Flutters.SESSION (id_session, price, seance_date, start_time, id_room, language) VALUES (910, 7.6000, '2023-05-14', '15:35:00', 8, 'VOSTFR');
INSERT INTO Flutters.SESSION (id_session, price, seance_date, start_time, id_room, language) VALUES (911, 7.9000, '2023-05-14', '17:10:00', 8, 'VOSTFR');
INSERT INTO Flutters.SESSION (id_session, price, seance_date, start_time, id_room, language) VALUES (912, 12.0000, '2023-09-14', '18:04:00', 3, 'VOSTFR');

INSERT INTO Flutters.WEARS (id_client, id_component) VALUES (1, 2);
INSERT INTO Flutters.WEARS (id_client, id_component) VALUES (1, 4);
INSERT INTO Flutters.WEARS (id_client, id_component) VALUES (1, 7);
INSERT INTO Flutters.WEARS (id_client, id_component) VALUES (1, 13);
INSERT INTO Flutters.WEARS (id_client, id_component) VALUES (4, 2);
INSERT INTO Flutters.WEARS (id_client, id_component) VALUES (4, 6);
INSERT INTO Flutters.WEARS (id_client, id_component) VALUES (4, 12);
INSERT INTO Flutters.WEARS (id_client, id_component) VALUES (5, 3);
INSERT INTO Flutters.WEARS (id_client, id_component) VALUES (5, 5);
INSERT INTO Flutters.WEARS (id_client, id_component) VALUES (5, 8);
INSERT INTO Flutters.WEARS (id_client, id_component) VALUES (5, 15);
INSERT INTO Flutters.WEARS (id_client, id_component) VALUES (6, 1);
INSERT INTO Flutters.WEARS (id_client, id_component) VALUES (6, 7);
INSERT INTO Flutters.WEARS (id_client, id_component) VALUES (6, 16);
INSERT INTO Flutters.WEARS (id_client, id_component) VALUES (15, 3);
INSERT INTO Flutters.WEARS (id_client, id_component) VALUES (15, 4);
INSERT INTO Flutters.WEARS (id_client, id_component) VALUES (15, 10);
INSERT INTO Flutters.WEARS (id_client, id_component) VALUES (15, 16);
INSERT INTO Flutters.WEARS (id_client, id_component) VALUES (16, 2);
INSERT INTO Flutters.WEARS (id_client, id_component) VALUES (16, 4);
INSERT INTO Flutters.WEARS (id_client, id_component) VALUES (16, 7);
INSERT INTO Flutters.WEARS (id_client, id_component) VALUES (16, 12);

INSERT INTO Flutters.TICKET (id_ticket, id_session, id_event, order_id) VALUES (1, 1, null, 'cs_test_a1c0lnahPaVUdwoWRX0blnDccQqN1pWgYSp6M6WzZMgwICcrqkjdaNgz6O');
INSERT INTO Flutters.TICKET (id_ticket, id_session, id_event, order_id) VALUES (2, 1, null, 'cs_test_a1c0lnahPaVUdwoWRX0blnDccQqN1pWgYSp6M6WzZMgwICcrqkjdaNgz6O');
INSERT INTO Flutters.TICKET (id_ticket, id_session, id_event, order_id) VALUES (3, 1, null, 'cs_test_a1c0lnahPaVUdwoWRX0blnDccQqN1pWgYSp6M6WzZMgwICcrqkjdaNgz6O');
INSERT INTO Flutters.TICKET (id_ticket, id_session, id_event, order_id) VALUES (4, 1, null, 'cs_test_a1c0lnahPaVUdwoWRX0blnDccQqN1pWgYSp6M6WzZMgwICcrqkjdaNgz6O');
INSERT INTO Flutters.TICKET (id_ticket, id_session, id_event, order_id) VALUES (5, 2, null, 'cs_test_a1AGCYdOU7QHpxR3lsIQdGvNLYUpnSZoBRQGHpfPDWZWn9PWqA7ZMEx2am');
INSERT INTO Flutters.TICKET (id_ticket, id_session, id_event, order_id) VALUES (6, 2, null, 'cs_test_a1AGCYdOU7QHpxR3lsIQdGvNLYUpnSZoBRQGHpfPDWZWn9PWqA7ZMEx2am');
INSERT INTO Flutters.TICKET (id_ticket, id_session, id_event, order_id) VALUES (7, 2, null, 'cs_test_a1AGCYdOU7QHpxR3lsIQdGvNLYUpnSZoBRQGHpfPDWZWn9PWqA7ZMEx2am');
INSERT INTO Flutters.TICKET (id_ticket, id_session, id_event, order_id) VALUES (8, 2, null, 'cs_test_a1AGCYdOU7QHpxR3lsIQdGvNLYUpnSZoBRQGHpfPDWZWn9PWqA7ZMEx2am');
INSERT INTO Flutters.TICKET (id_ticket, id_session, id_event, order_id) VALUES (9, 2, null, 'cs_test_a1AGCYdOU7QHpxR3lsIQdGvNLYUpnSZoBRQGHpfPDWZWn9PWqA7ZMEx2am');
INSERT INTO Flutters.TICKET (id_ticket, id_session, id_event, order_id) VALUES (10, 2, null, 'cs_test_a1AGCYdOU7QHpxR3lsIQdGvNLYUpnSZoBRQGHpfPDWZWn9PWqA7ZMEx2am');
INSERT INTO Flutters.TICKET (id_ticket, id_session, id_event, order_id) VALUES (11, 2, null, 'cs_test_a1AGCYdOU7QHpxR3lsIQdGvNLYUpnSZoBRQGHpfPDWZWn9PWqA7ZMEx2am');
INSERT INTO Flutters.TICKET (id_ticket, id_session, id_event, order_id) VALUES (12, 2, null, 'cs_test_a1AGCYdOU7QHpxR3lsIQdGvNLYUpnSZoBRQGHpfPDWZWn9PWqA7ZMEx2am');
INSERT INTO Flutters.TICKET (id_ticket, id_session, id_event, order_id) VALUES (21, 662, null, 'cs_test_a1l11X1Rp62fk7YWDSfjThZJ1HIGzRy4mZYp9V1sHXOu7v9aFuO5vwbF0q');
INSERT INTO Flutters.TICKET (id_ticket, id_session, id_event, order_id) VALUES (22, 662, null, 'cs_test_a1l11X1Rp62fk7YWDSfjThZJ1HIGzRy4mZYp9V1sHXOu7v9aFuO5vwbF0q');
INSERT INTO Flutters.TICKET (id_ticket, id_session, id_event, order_id) VALUES (23, 739, null, 'cs_test_a1Pou57WDwHlMsboh6pyua4CJP0Qes1mkCPXvhRQoKIYzbzSepn8YYsoRq');
INSERT INTO Flutters.TICKET (id_ticket, id_session, id_event, order_id) VALUES (24, 661, null, 'cs_test_a1eFr222P3haSh0TDIlSDeYrjbVhtqolIgUqnh3lVGGZxJHvbNQWbSZqON');
INSERT INTO Flutters.TICKET (id_ticket, id_session, id_event, order_id) VALUES (25, 661, null, 'cs_test_a1eFr222P3haSh0TDIlSDeYrjbVhtqolIgUqnh3lVGGZxJHvbNQWbSZqON');
INSERT INTO Flutters.TICKET (id_ticket, id_session, id_event, order_id) VALUES (26, null, 4, 'cs_test_a1jHmRNFzcnudXzj9PscGWxSqcSb1AkafSfXe6WeHGhOnddROdksR1jtgx');
INSERT INTO Flutters.TICKET (id_ticket, id_session, id_event, order_id) VALUES (27, null, 4, 'cs_test_a1jHmRNFzcnudXzj9PscGWxSqcSb1AkafSfXe6WeHGhOnddROdksR1jtgx');
INSERT INTO Flutters.TICKET (id_ticket, id_session, id_event, order_id) VALUES (28, null, 2, 'cs_test_a18jqeK7ZyY7DxXArK5BQvBcimzUuKbOBUNYRDPmRLaIZrflWuXnzQdIjn');

INSERT INTO Flutters.ORDERS (order_id, purchase_date, final_price, id_client, validate) VALUES ('cs_test_a18jqeK7ZyY7DxXArK5BQvBcimzUuKbOBUNYRDPmRLaIZrflWuXnzQdIjn', '2023-05-07', 11.99, 16, 0);
INSERT INTO Flutters.ORDERS (order_id, purchase_date, final_price, id_client, validate) VALUES ('cs_test_a1AGCYdOU7QHpxR3lsIQdGvNLYUpnSZoBRQGHpfPDWZWn9PWqA7ZMEx2am', '2023-05-06', 8, 1, 0);
INSERT INTO Flutters.ORDERS (order_id, purchase_date, final_price, id_client, validate) VALUES ('cs_test_a1c0lnahPaVUdwoWRX0blnDccQqN1pWgYSp6M6WzZMgwICcrqkjdaNgz6O', '2023-05-06', 8, 1, 0);
INSERT INTO Flutters.ORDERS (order_id, purchase_date, final_price, id_client, validate) VALUES ('cs_test_a1eFr222P3haSh0TDIlSDeYrjbVhtqolIgUqnh3lVGGZxJHvbNQWbSZqON', '2023-05-07', 20, 1, 0);
INSERT INTO Flutters.ORDERS (order_id, purchase_date, final_price, id_client, validate) VALUES ('cs_test_a1jHmRNFzcnudXzj9PscGWxSqcSb1AkafSfXe6WeHGhOnddROdksR1jtgx', '2023-05-07', 39.98, 1, 0);
INSERT INTO Flutters.ORDERS (order_id, purchase_date, final_price, id_client, validate) VALUES ('cs_test_a1l11X1Rp62fk7YWDSfjThZJ1HIGzRy4mZYp9V1sHXOu7v9aFuO5vwbF0q', '2023-05-07', 20.6, 4, 0);
INSERT INTO Flutters.ORDERS (order_id, purchase_date, final_price, id_client, validate) VALUES ('cs_test_a1Pou57WDwHlMsboh6pyua4CJP0Qes1mkCPXvhRQoKIYzbzSepn8YYsoRq', '2023-05-07', 8.5, 14, 0);
INSERT INTO Flutters.ORDERS (order_id, purchase_date, final_price, id_client, validate) VALUES ('cs_test_a1pvcokSImAq5Yl0XLYn5ac8mtJujUTNZZdSCAF7PIpIE93MPGjLZiPmp5', '2023-05-06', 42.3, 1, 0);

INSERT INTO Flutters.PAYMENT (id, id_session, price, name, email, account_email, id_event) VALUES ('cs_test_a18jqeK7ZyY7DxXArK5BQvBcimzUuKbOBUNYRDPmRLaIZrflWuXnzQdIjn', null, 1199.0000, '424', 'franck.zhuang@hotmail.fr', 'franck.zhuang@hotmail.fr', 2);
INSERT INTO Flutters.PAYMENT (id, id_session, price, name, email, account_email, id_event) VALUES ('cs_test_a1AGCYdOU7QHpxR3lsIQdGvNLYUpnSZoBRQGHpfPDWZWn9PWqA7ZMEx2am', 2, 800.0000, '123', 'huangfrederic2002@gmail.com', 'huangfrederic2002@gmail.com', null);
INSERT INTO Flutters.PAYMENT (id, id_session, price, name, email, account_email, id_event) VALUES ('cs_test_a1c0lnahPaVUdwoWRX0blnDccQqN1pWgYSp6M6WzZMgwICcrqkjdaNgz6O', 1, 800.0000, '4213', 'huangfrederic2002@gmail.com', 'huangfrederic2002@gmail.com', null);
INSERT INTO Flutters.PAYMENT (id, id_session, price, name, email, account_email, id_event) VALUES ('cs_test_a1deUkU3jRywK8YeppgZkYcBpI79MOirxnjnDsFn4xkTPRa7TQBjRky0DG', null, 3998.0000, '2222', 'huangfrederic2002@gmail.com', 'huangfrederic2002@gmail.com', 4);
INSERT INTO Flutters.PAYMENT (id, id_session, price, name, email, account_email, id_event) VALUES ('cs_test_a1eFr222P3haSh0TDIlSDeYrjbVhtqolIgUqnh3lVGGZxJHvbNQWbSZqON', 661, 2000.0000, '412', 'huangfrederic2002@gmail.com', 'huangfrederic2002@gmail.com', null);
INSERT INTO Flutters.PAYMENT (id, id_session, price, name, email, account_email, id_event) VALUES ('cs_test_a1fXqIUQdaVvKB7dfNic2K8sCLdp2UqE9ijLkDm8ZISRvVSchGCJcyopxx', 660, 970.0000, 'M. FRANCK ZHUANG', 'arkayz@hotmail.com', 'arkayz@hotmail.com', null);
INSERT INTO Flutters.PAYMENT (id, id_session, price, name, email, account_email, id_event) VALUES ('cs_test_a1jHmRNFzcnudXzj9PscGWxSqcSb1AkafSfXe6WeHGhOnddROdksR1jtgx', null, 3998.0000, '4242', 'huangfrederic2002@gmail.com', 'huangfrederic2002@gmail.com', 4);
INSERT INTO Flutters.PAYMENT (id, id_session, price, name, email, account_email, id_event) VALUES ('cs_test_a1l11X1Rp62fk7YWDSfjThZJ1HIGzRy4mZYp9V1sHXOu7v9aFuO5vwbF0q', 662, 2060.0000, '1231', 'comment@1.com', 'comment@1.com', null);
INSERT INTO Flutters.PAYMENT (id, id_session, price, name, email, account_email, id_event) VALUES ('cs_test_a1Pou57WDwHlMsboh6pyua4CJP0Qes1mkCPXvhRQoKIYzbzSepn8YYsoRq', 739, 850.0000, 'M. FRANCK ZHUANG', 'arkayz@hotmail.com', 'arkayz@hotmail.com', null);
INSERT INTO Flutters.PAYMENT (id, id_session, price, name, email, account_email, id_event) VALUES ('cs_test_a1pvcokSImAq5Yl0XLYn5ac8mtJujUTNZZdSCAF7PIpIE93MPGjLZiPmp5', null, 4230.0000, '214123', 'huangfrederic2002@gmail.com', 'huangfrederic2002@gmail.com', 1);

